Court Reporters of Iowa - Iowa City Iowa|Iowa City, IA, Marekani · +1 800-270-3376|Iowa|http://www.courtreportersofiowa.com/
Court Reporters of Iowa - Des Moines|Des Moines, IA, Marekani · +1 800-270-3376|Iowa|http://www.courtreportersofiowa.com/
Court Reporters of Iowa - Cedar Rapids|Cedar Rapids, IA, Marekani · +1 800-270-3376|Iowa|http://www.courtreportersofiowa.com/
Petersen Court Reporters, Inc.|Des Moines, IA, Marekani · +1 515-243-6596|Iowa|https://www.petersencourtreporters.com/
Court Reporters of Iowa - Marshalltown|Marshalltown, IA, Marekani · +1 800-270-3376|Iowa|http://www.courtreportersofiowa.com/
Court Reporters of Iowa - Storm Lake / Cherokee|Storm Lake, IA, Marekani · +1 800-270-3376|Iowa|http://www.courtreportersofiowa.com/
Court Reporters of Iowa - Spencer|Spencer, IA, Marekani · +1 800-270-3376|Iowa|http://www.courtreportersofiowa.com/
Court Reporters of Iowa - Clear Lake|Clear Lake, IA, Marekani · +1 800-270-3376|Iowa|http://www.courtreportersofiowa.com/
Thomas & Thomas Court Reporters and Certified Legal Video, LLC - Des Moines, Iowa|Des Moines, IA, Marekani · +1 800-556-6301|Iowa|http://www.ttcrs.com/locations/des-moines
Court Reporters of Iowa - Pella - 1.800.270.3376|Pella, IA, Marekani · +1 712-210-5050|Iowa|http://www.courtreportersofiowa.com/
Court Reporters of Iowa - Carroll - 1.800.270.3376|Carroll, IA, Marekani · +1 712-210-5050|Iowa|http://www.courtreportersofiowa.com/
North Iowa Reporting|Mason City, IA, Marekani · +1 641-430-7891|Iowa|http://www.northiowareporting.com/
Sweeney Court Reporting Services|Des Moines, IA, Marekani · +1 515-244-6373|Iowa|/maps/dir//Sweeney+Court+Reporting+Services,+505+5th+Ave+%23320,+Des+Moines,+IA+50309,+Marekani/data=!4m6!4m5!1m1!4e2!1m2!1m1!1s0x87ee9900db364577:0xfb9f448fc2fbdb78?sa=X&ved=1t:57443&ictx=111
Court Reporters of Iowa - Oskaloosa - 1.800.270.3376|Oskaloosa, IA, Marekani · +1 712-210-5050|Iowa|http://www.courtreportersofiowa.com/
Huney-Vaughn Court Reporters|Des Moines, IA, Marekani · +1 515-288-4910|Iowa|http://www.huneyvaughn.com/
Susan Frye Court Reporting|Des Moines, IA, Marekani · +1 515-284-1972|Iowa|http://www.susanfryecourtreporting.com/
Malloy Reporting Service|Boone, IA, Marekani · +1 515-230-2772|Iowa|https://www.malloyreporting.com/
Accurate Reporting Service - Depositions (Decorah, Iowa)|Decorah, IA, Marekani · +1 563-584-9673|Iowa|https://www.accuratereportingservice.com/
Huney-Vaughn Court Reporters|Davenport, IA, Marekani · +1 563-326-6480|Iowa|http://www.huneyvaughn.com/
Midwest Court Reporting Llc|Ankeny, IA, Marekani · +1 515-965-0411|Iowa|http://www.midwestcourtreporting.com/
Petersen Court Reporters, Inc.|+1 515-243-6596|Iowa|http://petersencourtreporters.com/
T R Court Reporters|Ames, IA, Marekani · +1 515-292-2339|Iowa|http://trcourtreporters.com/
Iowa Court Reporters Association|Dallas Center, IA, Marekani|Iowa|http://www.iacra.org/
Mc Allister Court Reporting|Mt Pleasant, IA, Marekani · +1 319-986-6044|Iowa|/maps/dir//Mc+Allister+Court+Reporting,+300+S+Jefferson+St,+Mt+Pleasant,+IA+52641,+Marekani/data=!4m6!4m5!1m1!4e2!1m2!1m1!1s0x87e695215e540f21:0xdb6f4301023ca874?sa=X&ved=1t:57443&ictx=111
Irish Reporting, Inc.|+1 319-393-5050|Iowa|https://www.irishreporting.com/
Sarah J Dittmer CSR RPR & Associates|+1 641-856-5591|Iowa|http://www.reportingwhereur.com/
Reporting Services LLC|Council Bluffs, IA, Marekani · +1 712-256-2202|Iowa|http://www.cbcourtreporter.com/
Cedar Valley Reporting, LLC|+1 319-236-3661|Iowa|None
Nisslys Quick Court Reporting|Dallas Center, IA, Marekani · +1 515-992-3145|Iowa|None
ReporterTech.net|+1 800-270-3376|Iowa|None
Lambert Court Reporting|+1 319-350-5763|Iowa|None
Nicols Court Reporting|Storm Lake, IA, Marekani · +1 712-732-6500|Iowa|/maps/dir//Nicols+Court+Reporting,+709+Hudson+St,+Storm+Lake,+IA+50588,+Marekani/data=!4m6!4m5!1m1!4e2!1m2!1m1!1s0x878d4f19b10f2059:0xd42110e1a1b421?sa=X&ved=1t:57443&ictx=111
Parker Reporting, Ltd.|West Des Moines, IA, Marekani · +1 515-288-2288|Iowa|/maps/dir//Parker+Reporting,+Ltd.,+2801+EP+True+Pkwy+UNIT+804,+West+Des+Moines,+IA+50265,+Marekani/data=!4m6!4m5!1m1!4e2!1m2!1m1!1s0x87ee9fd763b752b3:0xd7cd078744681aba?sa=X&ved=1t:57443&ictx=111
Accurate Reporting, Inc.|Sergeant Bluff, IA, Marekani · +1 712-271-7111|Iowa|/maps/dir//Accurate+Reporting,+Inc.,+514+Jace+Rd,+Sergeant+Bluff,+IA+51054,+Marekani/data=!4m6!4m5!1m1!4e2!1m2!1m1!1s0x878dfec1e861916b:0xe8894915a4a80194?sa=X&ved=1t:57443&ictx=111
Legal conference|+1 319-382-8907|Iowa|None
Accurate Reporting Service|Dubuque, IA, Marekani · +1 563-584-9673|Iowa|http://www.accuratereportingservice.com/
Polk County Court Reporters|Des Moines, IA, Marekani · +1 515-286-3108|Iowa|/maps/dir//Polk+County+Court+Reporters,+500+Mulberry+St,+Des+Moines,+IA+50309,+Marekani/data=!4m6!4m5!1m1!4e2!1m2!1m1!1s0x87ee990024f82e55:0xfad5613e29ffaeb3?sa=X&ved=1t:57443&ictx=111

