Maranda E. Fritz PC,Not Available
Maranga Morgenstern APLC,13
Marashlian & Donahue PLLC,12
Maraziti Falcon LLP,11
"Marcellino & Tyson, PLLC",Not Available
,
"Marcus Errico Emmer & Brooks, PC",19
"Marcus & Shapira, LLP",21
Marden Dubord Bernier & Stevens PA LLC,11
Margaret W Wong & Associates LLC,12
Margolis Edelstein,108
,
Marin Goodman LLP,11
"Marino, Tortorella & Boyle, P.C.",Not Available
"Marion M. Goodyear, P.A.",Not Available
Markewich and Rosenstock LLP,Not Available
Mark Migdal & Hayden,13
,
Markowitz Herbold PC,33
Markowitz & Richman,9
Markowitz Ringel Trusty & Hartog PA,11
"Markow, Walker, PA",24
"Mark Pickrell, Attorney At Law",Not Available
,
Maranda E. Fritz PC,Not Available
Maranga Morgenstern APLC,13
Marashlian & Donahue PLLC,12
Maraziti Falcon LLP,11
"Marcellino & Tyson, PLLC",Not Available
,
"Marcus Errico Emmer & Brooks, PC",19
"Marcus & Shapira, LLP",21
Marden Dubord Bernier & Stevens PA LLC,11
Margaret W Wong & Associates LLC,12
Margolis Edelstein,108
,
Marin Goodman LLP,11
"Marino, Tortorella & Boyle, P.C.",Not Available
"Marion M. Goodyear, P.A.",Not Available
Markewich and Rosenstock LLP,Not Available
Mark Migdal & Hayden,13
,
Markowitz Herbold PC,33
Markowitz & Richman,9
Markowitz Ringel Trusty & Hartog PA,11
"Markow, Walker, PA",24
"Mark Pickrell, Attorney At Law",Not Available
,
"Mark Risk, PC",Not Available
Marks Gray PA,20
Marks & Harrison,31
"Marks, O'Neill, O'Brien, Doherty & Kelly, P.C.",80
Marks & Sokolov,5
,
Mark Stein Law,Not Available
Markun Zusman Freniere Compton LLP,15
"Markus/Moss, PLLC",Not Available
Markus Williams Young & Hunsicker LLC,10
Marlow Adler Abrams & Rotunno,13
,
"Maroney & O'Connor, LLP",Not Available
Maron Marvel Bradley Anderson & Tardy LLC,98
Marquis Aurbach Chtd,31
Marr Jones & Wang LLLP,11
Marron Lawyers APC,7
,
Marrs Ellis & Hodge LLP,14
Marshack Hays LLP,10
Marshall Conway & Bradley PC,14
"Marshall Dennehey, P.C.",490
"Marshall, Gerstein & Borun LLP",87
,
"Marshall & Melhorn, LC",32
"Marshall, Roth & Gregory, PC",Not Available
Marsh Law LLP,13
Marsh Ziller LLP,Not Available
Marten Law,20
,
Martenson Hasbrouck & Simon,57
"Martha L. King, P.C.",Not Available
Martin Clearwater & Bell LLP,85
Martindell Swearer Shaffer Ridenour LLP,10
"Martin, Disiere, Jefferson & Wisdom",59
,
Martin & Drought PC,12
Martineau King PLLC,13
"Martinez Law Group, P.C.",Not Available
Martin Ganotis Brown Mould & Currie PC,11
Martin Hild PA,8
,
"Martin Jolic and Associates, LLC",Not Available
Martin LLP,11
"Martin, Magnuson, McCarthy & Kenney",21
"Martin & Martin Attorneys, P.A.",Not Available
"Martin, Pringle, Oliver, Wallace & Bauer, L.L.P.",32
,
"Martin Snow, LLP",13
"Martin Tate Morrow & Marston, PC",26
Martson Law Office,14
Marzano Lawyers PLLC,1
"Marzulla Law, LLC",Not Available
,
Maschoff Brennan Gilmore Israelsen & Mauriel LLP,46
Maslon LLP,79
Mason Griffin & Pierson PC,15
Massey & Gail LLP,25
Massey Stotser & Nichols PC,14
,
"Massucci, Blomquist, & Anderson",Not Available
Massumi & Consoli LLP,43
Mastagni Holstedt,47
Masuda Funai,36
Matasar Jacobs LLC,Not Available
,
Matern Law Group PC,27
Matheny Sears Linkert & Jaime LLP,13
Mathews & Freeland LLP,Not Available
Mathis Marifian & Richter Ltd,20
"Matthews, Campbell, Rhoads, McClure & Thompson, PA",12
,
"Matthews, Campbell, Rhoads, McClure & Thompson, P.A.",Not Available
Matthews & Jones LLP,10
Matthiesen Wickert & Lehrer SC,26
Mattingly Burke Cohen & Biederman LLP,8
"Mattingly Law, LLC",Not Available
,
Mattleman Weinroth & Miller PC,21
Mattson Ricketts,11
Matulis IP Law,Not Available
Mauck & Brooke PLC,Not Available
Maune Raichle Hartley French & Mudd LLC,80
,
"Maupin, Cox & LeGoy Attorneys at Law",23
Maura A. Smith Law Offices LLC,Not Available
Maurice Wutscher LLP,12
Mauro Lilling Naparty LLP,18
Mavrides Moyal Packman Sadkin,35
,
"Mawicke & Goisman, SC",17
Maxson Mago & Macaulay LLP,15
"Maxwell H. Pulliam, LLC",Not Available
Mayer Brown LLP,"1,124"
"Mayer Galligan Law, LLC",Not Available
,
Mayer LLP,105
MayesTelles PLLC,19
Maynard Nexsen PC,565
Maynard O Connor Smith & Catalinotto LLP,15
May Oberfell Lorber,22
,
May Potenza Baran & Gillespie PC,24
Mazanec Raskin & Ryder Co,11
Mazzola Mardon PC,8
"McAfee & Taft, PC",167
McAllister Detar Showalter & Walker,24
,
"McAloon & Friedman, PC",28
McAlpine PC,Not Available
"McAnany, Van Cleave & Phillips, P.A.",70
McAndrews Held & Malloy Ltd,66
McAndrews Law Offices PC,17
,
McAngus Goudelock & Courie LLC,280
"McAughan Deaver, PLLC",Not Available
McBrayer PLLC,63
McBreen Kopko & Dayal LLP,13
McCabe Collins McGeough Fowler Levine & Nogan LLP,23
,
McCabe & Mack LLP,17
McCall Parkhurst & Horton LLP,31
McCandlish Holton PC,36
McCandlish & Lillard PC,21
McCarter & English,388
,
McCarthy Bouley Barry + Morgan P.C.,Not Available
McCarthy Duffy LLP,11
"McCarthy Fingar, LLP",19
McCarthy & Holthus LLP,32
McCarthy Law Office,Not Available
,
"McCarthy, Lebit, Crystal & Liffman Co., L.P.A.",38
"McCarthy, Leonard & Kaemmerer, L.C.",28
McCarthy Summers Wood Norman Melby & Schultz PA,12
"McCarthy Wilson, LLP",20
McCarty Law LLP,17
,
McCaslin Imbus & McCaslin LPA,10
McCathern PLLC,43
McCausland Barrett & Bartalos PC,13
"McCausland, Keen & Buckman, PC",18
"McCleskey, Harriger, Brazill, & Graf, LLP",13
,
McClure & Cross LLP,Not Available
McCollom D Emilio Smith Uebler LLC,16
McCollum Crowley PA,21
McConnaughhay Coonrod Pope Weaver & Stern PA,43
"McConville, Considine, Cooman & Morin, P.C.",15
,
McCool Law PLLC,Not Available
McCormick Barstow LLP,86
McCormick Fitzpatrick Kasper & Burchard PC,10
McCormick Law Firm,14
McCormick & O'Brien LLP,9
,
McCormick Paulding & Huber LLP,9
McCormick & Priore,30
McCorriston Miller Mukai MacKinnon LLP,31
"McCoyd, Parkas & Ronan LLP",Not Available
McCoy Leavitt Laskey Law,42
,
McCoy Russell LLP,9
McCracken Stemerman & Holsberry LLP,15
McCranie Sistrunk Anzelmo Hardy McDaniel & Welch LLC,15
McCreary Veselka Bragg & Allen PC,24
McCroskey Law,6
,
McCullough Goldberger & Staudt LLP,12
McCullough Hill Leary PS,13
McCullough Hill PLLC,Not Available
McCullough PC,15
McCune & Harber LLP,20
,
McCune Wright Arevalo LLP,28
McCurdy Wotila & Porteous PC,10
McDermott Stuart & Ward LLP,Not Available
McDermott Will & Emery LLP,"1,041"
McDonald Carano LLP,54
,
McDonald Hopkins LLC,175
"McDonald Law, PLLC",Not Available
McDonald Sanders PC,17
McDonald Tinker PA,12
"McDonald Toole Wiggins, PA",20
,
"McDonnell Adels & Klestzick, PLLC",15
McDonnell Boehnen Hulbert & Berghoff LLP,51
McDougal Love Boehmer Foley Lyon & Mitchell,14
McDowell Hetherington,66
McDowell Knight Roedder & Sledge LLC,18
,
McDowell Rackner Gibson PC,Not Available
"McDowell, Rice, Smith & Buchanan",22
"McElroy, Deutsch, Mulvaney & Carpenter LLP",164
McElroy Sullivan Miller & Weber LLP,12
McEwan Martinez Dukes & Hall PA,11
,
McEwen Gisvold LLP,17
McGann Bartlett & Brown LLC,15
"McGavick & Graves, PS",7
McGavin Boyce Bardot Thorsen & Katz PC,12
McGeady Becher PC,10
,
McGee Hankla & Backes PC,10
McGill Gotsdiner Workman & Lepp PC LLO,22
McGinnis Lochridge,75
McGivney Kluger & Clark & Intoccia PC,66
McGlinchey Stafford,175
,
McGonegal & Struhar,Not Available
"McGrann Shea Carnival Straughn & Lamb, Chartered",7
"McGrath & Kane Attorneys at Law, Inc.",6
McGrath Law Firm,Not Available
McGrath North Mullin & Kratz PC,67
,
McGraw Morris PC,13
"McGuinn, Hillsman & Palefsky",Not Available
"McGuire, Craddock & Strother",18
McGuire Law PC,13
McGuire Wood & Bissette PA,23
,
McGuireWoods LLP,897
McIntyre Thanasides,24
McKean Smith LLC,16
"McKee, Voorhees & Sease, PC",20
McKenna Snyder LLC,9
,
McKenna Storer,14
McKennon Shelton & Henn LLP,13
McKenzie Mena,8
McKinley Irvin,48
"McKinley & Ryan, LLC",Not Available
,
Mckinney Taylor PC,6
McKool Smith,114
McLain & Merritt PC,20
McLane Middleton,116
McLaughlin & Stern LLP,112
,
McLeod Alexander Powel & Apffel PC,15
McLin & Burnsed,8
McMahon Berger PC,26
McMahon DeGulis LLP,8
McMahon Martine & Gallagher LLP,15
,
"McMahon Surovik Suttle, P.C.",19
McManimon Scotland & Baumann,47
McManis Faulkner,19
McManus Ateshoglou Aiello & Apostolakos PLLC,17
McMichael & Gray PC,45
,
McMickle Kurey & Branch LLP,19
McMillan Metro PC,15
McNabb Bragorgos Burgess & Sorin PLLC,12
McNamara Ambacher Wheeler Hirsig & Gray LLP,31
McNamee Hosea,25
,
McNaul Ebel Nawrot & Helgren PLLC,Not Available
"McNaul Ebel Nawrot & Helgren, PLLC",25
McNeely Law LLP,22
McNees Wallace & Nurick,159
McNeill Baur PLLC,28
,
McNeil Tropp & Braun LLP,15
McNicholas & McNicholas LLP,13
"McNorton Fox, PLLC",Not Available
McOmber & McOmber PC,23
McPherson LLP,Not Available
,
McPhillips Fitzgerald & Cullum LLP,11
McQuade Byrum PLLC,Not Available
McQuaide Blasko,30
McRae Smith Peek Harman & Monroe LLP,15
"McShane & Bowie, P.L.C.",20
,
McVeigh Skiff - Attorneys at Law,Not Available
McWherter Scott & Bobbitt,8
McWhirter Bellinger & Associates PA,14
McWhorter Cobb & Johnson LLP,10
MDK,35
,
Meade Neese & Barr LLP,Not Available
"Meador & Crump, P.A.",Not Available
Meadows Collier Reed Cousins Crouch & Ungerman LLP,34
"Meadows, Macie & Morris, P.C.",Not Available
Mead Talerman & Costa LLC,16
,
"Meagher Emanuel Laks Goldberg & Liao, LLP",9
"Meagher & Geer, P.L.L.P.",76
Meardon Sueppel & Downer PLC,13
Meenan PA,11
MehaffyWeber PC,52
,
Mehler Law PLLC,Not Available
Mehri & Skalet PLLC,12
Mei & Mark LLP,15
Meissner Tierney Fisher & Nichols SC,22
Meissner Tierney Fisher & Nichols S.C.,Not Available
,
"Meister Seelig & Fein, LLP",82
Meland Budwick PA,23
Melchert Hubert Sjodin,11
Melchiode Marks King LLC,16
"Melick & Porter, LLP",42
,
"Meltzer, Lippe, Goldstein & Breitstone, LLP",77
"Meltzer, Purtill & Stelle LLC",42
"Melvin & Melvin, PLLC",17
MendenFreiman LLP,17
"Mendes & Mount, LLP",73
,
Menicucci Villa Cilmi PLLC,7
Menkveld Law & Mediation LLC,Not Available
"Menn Law Firm, Ltd.",32
Mercer Thompson LLC,12
Merchant & Gould PC,97
,
"Meriwether & Tharp, LLC",30
"Merline & Meacham, PA",11
"MerrittHill, PLLC",Not Available
"Merritt Law, PLLC",Not Available
"Merritt, Webb, Wilson & Caruso, PLLC",36
,
"Mesch Clark & Rothschild, PC",17
Messer & Caparello PA,15
Messer Fort,Not Available
Messer Fort McDonald PLLC,25
Messerli & Kramer PA,54
,
"Messick Law, PLLC",Not Available
Messing Adam & Jasmine LLP,11
Messner Reeves LLP,130
Metcalfe Wolff Stuart & Williams LLP,18
"Metcalf & Spitler, LLP",Not Available
,
Methfessel & Werbel,46
Mette Evans & Woodside,12
Metz Lewis Brodman Must O Keefe LLC,47
Meunier Carlin & Curfman LLC,30
"Meyer & Bowden, PLLC",Not Available
,
Meyer Capel,36
"Meyer Darragh Buckler Bebenek & Eck, P.L.L.C.",21
MeyerGoergen PC,8
Meyer & Njus,10
"Meyer, Olson, Lowy & Meyers, LLP",22
,
Meyers Nave,63
Meyerson Fox & Conte PA,21
Meyers Rodbell & Rosenbaum PA,11
Meyers Roman Friedberg & Lewis ALPC,41
"Meyer, Suozzi, English & Klein, P.C.",33
,
"Meyer, Unkovic & Scott LLP",59
Meyner & Landis LLP,18
"MH2 Technology Law Group, LLP",24
M&H LLP,17
MHM Law Offices,13
,
Michael Best & Friedrich LLP,323
Michael Chambers Alternative Dispute Resolution,Not Available
Michael E Pressman,8
Michael Gross Law Office,Not Available
Michael Sullivan & Associates LLC,99
,
Michel & Associates PC,12
Michelman & Robinson LLP,72
Michelson Law Group,Not Available
MichieHamlett Attorneys at Law,15
Michienzie & Sawin LLC,8
,
"Mickes OToole, LLC",26
Midkiff Muncie & Ross,26
Mika Meyers PLC,35
Mike Morse Law Firm,49
Milano Attorneys & Counselors at Law,Not Available
,
Milano & Wanat LLC,19
Milbank LLP,575
Milberg Coleman Bryson Phillips Grossman PLLC,97
Milber Makris Plousadis & Seiden LLP,121
Miles Hansford & Tallant LLC,9
,
Miles & Stockbridge PC,175
Milgrom & Daskam,17
Millen White Zelano & Branigan PC,15
"MillerAsen, P.A.",Not Available
"Miller Barondess, LLP",42
,
Miller Butler Schneider Pawlik & Rozzell PLLC,10
"Miller, Canfield, Paddock and Stone, P.L.C.",192
Miller & Chevalier,96
"Miller, Griffin & Marks, PC",13
Miller Hahn PLLC,14
,
"Miller, Hall & Triggs LLC",18
"Miller Health Law Group, APLC",7
Miller Johnson Jones Antonisse & White,14
Miller Johnson Snell & Cummiskey PLC,131
Miller Kagan Rodriguez and Silver PL,13
,
Miller & Martin PLLC,115
"Miller Mayer, LLP",11
Miller Miller & Canby Chartered,15
"Miller, Morton, Caillat & Nevis, LLP",10
Miller Nash LLP,148
,
Miller Pitt Feldman & McAnally PLC,15
"Miller Sachs & Hess, PC",Not Available
Miller Scamardi & Carrabba PC,15
Miller Shah LLP,17
Miller Shakman Levine & Feldman,15
,
Miller Starr Regalia,42
Miller Stratvert PA,24
Milligan Lawless PC,15
Millikin & Fitton Law Firm,10
Milling Benson Woodward LLP,17
,
"Milling Law Firm, LLC",Not Available
"Mills Shirley, LLP",11
Milodragovich Dale Steinbrenner PC,9
Milom Crow Kelley Beckett Shehan PLC,Not Available
Milom Horsnell Crow Kelley Beckett Shehan PLC,Not Available
,
Milstein Jackson Fairchild & Wade LLP,14
"Milton, Laurence & Dixon, LLP",Not Available
Mimari Anderson Cilfone & Watkins PLLC,9
Minami Tamaki LLP,14
Miner Barnhill & Galland PC,16
,
Minner Vines Moncus Injury Lawyers,6
"Minor & Brown, PC",6
Minsky McCormick & Hallagan PC,12
"Minsky, McCormick & Hallagan, P.C.",Not Available
Mintzer Sarowitz Zeris Ledva & Meyers LLP,64
,
"Mintz & Gold, LLP",49
"Mintz, Levin, Cohn, Ferris, Glovsky and Popeo P.C.",562
"Mintz, Levin, Cohn, Ferris, Glovsky and Popeo, P.C.",Not Available
Minyard Morris LLP,20
Mirick O'Connell DeMallie & Lougee LLP,69
,
Mitchell Barlow Mansfield PC,11
Mitchell McNutt & Sams,30
"Mitchell Ramseur, LLC",Not Available
Mitchell Sandler LLC,25
Mitchell Silberberg & Knupp LLP,113
,
Mitchell Williams,80
"Mitchell, Williams, Selig, Gates & Woodyard P.L.L.C.",Not Available
"Mitrani, Rynor, Adamsky & Toland, PA",14
Mix Sanders Thompson PLLC,11
Miyares & Harrington LLP,12
,
"MJBennett, PLLC",Not Available
Mobo Law LLP,12
Modern Family Law,29
Modrall Sperling,55
Moffa Sutton & Donnini PA,11
,
Mohan Groble Scolaro,14
Mohler Law Ltd.,Not Available
MohrWater Legal P.C.,Not Available
Mokri Vanis & Jones LLP,31
Mollica Law Offices PC,Not Available
,
Molod Spitz & DeSantis PC,14
MoloLamken LLP,38
Momkus LLC,23
Monchamp Meldrum LLP,Not Available
"Monnat & Spurrier, Chartered",Not Available
,
Monroe Moxness Berg PA,24
Montgomery Amatuzio Chase Bell Jones LLP,12
"Montgomery & Andrews, P.A.",11
Montgomery Jonson LLP,10
"Montgomery Little & Soran, P.C.",18
,
"Montgomery McCracken Walker & Rhoads, LLP",82
Montgomery Purdue PLLC,29
Montstream Law Group,12
Monty & Ramirez LLP,12
Monty White LLP,10
,
Mooney Green Saindon Murphy & Welch PC,21
"Mooney, Green, Saindon, Murphy & Welch, P.C.",Not Available
"Mooneyham Berry, LLC",Not Available
"Moon Wright & Houston, PLLC",Not Available
Moon & Yang APC,26
,
Moore Bradley Myers Law Firm,14
Moore Clarke DuVall & Rodgers PC,21
"Moore, Ingram, Johnson & Steele, LLP",84
Moore Landrey LLP,Not Available
Moore Law Firm,Not Available
,
Moore & Lee LLP,20
Moore Pequignot LLC,Not Available
Moore Ruddell LLP,Not Available
Moore & Van Allen PLLC,367
Morales Fierro Reeves,15
,
Moran Kidd Lyons Johnson Garcia PA,25
Moran Reeves Conn,17
Moran Reeves & Conn PC,Not Available
Morgan Akins & Jackson PLLC,31
"Morgan, Brown & Joy LLP",34
,
"Morgan, Lewis & Bockius LLP","1,676"
Morgan Pottinger McGarvey,15
MorganTheeler LLP,12
Morgenstern DeVoesick PLLC,12
Moriarty Troyer & Malloy LLC,16
,
Moritt Hock & Hamroff LLP,88
Morningstar Law Group,37
Morrill Law Firm,7
Morris Downing & Sherred LLP,9
Morris Duffy Alonso Faley & Pitcoff,73
,
Morris Hall PLLC,8
Morris James LLP,65
Morris Laing Evans Brock & Kennedy Chartered,31
Morris Manning & Martin LLP,202
Morris & Morris Attorneys,Not Available
,
Morris Nichols Arsht & Tunnell LLP,100
Morrison Cohen LLP,128
Morrison & Foerster LLP,760
Morrison Mahoney LLP,189
"Morrison Sund, PLLC",14
,
Morris Sullivan & Lemkul LLP,9
Morrow Willnauer Church LLC,22
Morse Barnes-Brown & Pendleton PC,40
Mortenson Taggart,21
"Morton & Germany, PLLC",Not Available
,
Morton & Gettys LLC,16
Morton McGoldrick,6
Morvillo Abramowitz Grand Iason & Anello PC,51
Moseley Law PLLC,Not Available
Moseley Prichard Parrish Knight & Jones,12
,
Moser Taboada,10
Moses Dunn Farmer & Tuthill PC,13
Moses & Singer LLP,81
Moskovitz McGhee Brown Cohen & Moore,12
"Moss & Barnett, P.A.",72
,
Mostyn Law,7
Motley Rice LLC,117
Mouledoux Bland Legrand & Brackett LLC,38
Moulton Bellingham PC,20
Moulton Moore Stella LLP,Not Available
,
"Mounce, Green, Myers, Safi, Paxson & Galatzan",18
Mound Cotton Wollan & Greengrass,65
Mountain Dearborn & Whiting LLP,10
Mowry & Grimson,10
Moye O Brien Pickert Dillon & Masterson LLP,12
,
Moyer Law Group,14
Moyer Law Offices LPA,Not Available
Moyes Sellers & Hendricks Ltd,11
Moye White LLP,59
"Mozley, Finlayson & Loggins, LLP",31
,
"Mrachek, Fitzgerald, Rose, Konopka, Thomas & Weiss, P.A.",14
MSKW LLP,20
MSSSV,16
MT Law LLC,18
Much Shelist PC,91
,
Mueting Raasch Group,19
"Mulherin Rehfeldt & Varchetto, PC",12
Mullen Coughlin LLC,109
"Mullen & Filippi, LLP",61
"Mullen & Henzell, L.L.P.",31
,
Mullen Holland & Cooper P.A.,15
Mullen & McGourty,20
Muller Lebensburger & Schwartz,Not Available
"Mulliken Weiner Berg & Jolivet, P.C.",13
Mullin Hoard & Brown LLP,33
,
"Munck Wilson Mandala, LLP",87
Muncy Geissler Olds & Lowe PC,26
Munger Denker Ruiz Barbour,7
"Munger, Tolles & Olson LLP",211
Munley Law,11
,
"Munsch Hardt, Kopf & Harr PC",165
Munson & McMillin,8
"Munson, Rowlett, Moore & Boone, PA",12
"Murabito Hao & Barnes, LLP",10
Murchison & Cumming LLP,84
,
"Murchison, Taylor & Gibson, PLLC",18
Murphy & Anderson PA,12
Murphy Anderson PLLC,15
Murphy Austin Adams Schoenfeld LLP,36
Murphy & Clendenen PLLC,Not Available
,
Murphy Desmond Lawyers S.C.,35
Murphy & Evertz LLP,Not Available
Murphy Falcon & Murphy,11
"Murphy & Grantland, PA",30
Murphy Hesse Toomey & Lehane LLP,26
,
Murphy & King PC,19
"Murphy Law Firm, PC",Not Available
Murphy McKeon PC,10
"Murphy, Pearson, Bradley & Feeney",55
Murphy & Riley PC,27
,
Murphy Rogers Sloss Gambel & Tompkins PLC,10
Murphy Schiller & Wilkes LLP,13
Murray Barnes Finister LLP,Not Available
"Murray Law Firm, PLLC",Not Available
Murray Morin & Herman PA,10
,
Murray Plumb & Murray,21
Murr Siler & Accomazzo PC,12
Murtaugh Treglia Stern & Deily LLP,30
Murtha Cullina,76
Murthy Law Firm,17
,
"Musca Law Firm, PA",29
Musgrave McLachlan & Penn LLC,13
"Musick Peeler & Garrett, LLP",87
Musi Merkins Daubenberger & Clark LLP,12
MVP Law Group P.A.,Not Available
,
MWH Law Group LLP,25
My Bed Bug Lawyer,Not Available
Myers Bigel PA,24
Myers Brier & Kelly LLP,17
Myers Widders Gibson Jones & Feingold LLP,16
,
Nabors Giblin & Nickerson PA,26
Nagel Rice LLP,15
"Najjar Employment Law Group, P.C.",Not Available
Najmy Thompson PL,22
Nakles and Nakles,Not Available
,
Nall & Miller LLP,18
Naman Howell Smith & Lee PLLC,96
Napier Gault Schupbach & Stevens PLC,11
Napierski Vandenburgh Napierski & O'Connor LLP,9
Nardella & Nardella PLLC,Not Available
,
Narron Wenzel PA,14
Nason Yeager Gerson Harris & Fumero PA,43
NastLaw LLC,8
"Natale & Wolinetz, Attorneys at Law",Not Available
Nathan Dumm & Mayer P.C.,10
,
Nathan & Kamionski LLP,19
Nathan Sommers Jacobs,12
Nathans & Ripke LLP,Not Available
National Litigation Law Group LLP,18
"National Litigation Law Group, LLP",Not Available
,
"Naulty, Scaricamazza & McDevitt, LLC",24
Neagle Law LLC,Not Available
Neale & Newman LLP,18
"Neal, Gerber & Eisenberg LLP",129
"Neal & Harwell, PC",31
,
Neal & Leroy LLC,15
Nehmad Davis & Goldstein PC,13
"Neider & Boucher, SC",17
"Neider & Boucher, S.C.",Not Available
Neil Dymott Hudson APLC,13
,
NeJame Law,13
Nelson Bumgardner Conroy PC,17
"Nelson & Galbreath, LLC",Not Available
Nelson Hardiman LLP,23
"Nelson Hardiman, LLP",Not Available
,
"Nelson, Krueger & Millenbach, LLC",Not Available
Nelson Mullins Riley & Scarborough LLP,948
Nelson Niehaus LLC,Not Available
Nemecek & Cole,17
Nesenoff & Miltenberg LLP,17
,
"Neuberger, Quinn, Gielen, Rubin & Gibber, P.A.",32
"Neubert, Pepe & Monteith, P.C.",42
Neufeld Scheck Brustin Hoffmann & Freudenberger LLP,8
Neumiller & Beardslee,13
Neuner Pate,23
,
Nevers Palazzo Packard Wildermuth & Wynner PC,21
Newman Comley & Ruth PC,9
Newman Du Wors Durrance,12
"Newman Ferrara, LLP",11
Newman Mathis Brady & Spedale PLC,9
,
Newman Myers Kreines Gross Harris PC,10
New Mexico Legal Group,11
Newmeyer & Dillion LLP,58
Nicholls & Crampton PA,8
Nichols Jackson Dillard Hager & Smith LLP,14
,
Nichols Kaster Pllp,35
"Nichols Kaster, PLLP",Not Available
Nichols Liu LLP,14
"Nicholson Law Firm, PLLC",Not Available
"Nicola, Gudbranson & Cooper, LLC",24
,
Nicolaides Fink Thorpe Michaelides Sullivan LLP,80
Nicoletti Hornig & Sweeney,22
Nicoletti Spinner Ryan Gulino Pinter,35
"Nicolini, Paradise, Ferretti & Sabella",15
Nicoll Black & Feig PLLC,13
,
Nicolson Law Group,17
Niedweske Barber LLC,Not Available
"Nielsen Merksamer Parrinello Gross & Leoni, LLP",23
Nielsen Zehe & Antas PC,30
"Nigle B. Barrow, Jr.",Not Available
,
"Nikki Miras Mordini, Attorney at Law",Not Available
"Nikolaus & Hohenadel, LLP",22
Nilan Johnson Lewis PA,60
"Niles, Barton & Wilmer, LLP",24
Niles Holmes PC,Not Available
,
Nisen & Elliott LLC,21
Nissenbaum Law Group LLC,8
"Nixon Jach Hubbard, PLLC",Not Available
"Nixon Law Offices, PA",Not Available
Nixon Peabody LLP,595
,
Nixon & Vanderhye PC,39
Nix Patterson LLP,24
"Noelke Maples St. Leger Bryant, LLP",9
Noland Hamerly Etienne & Hoss A Professional Corporation,19
Nolan Heller Kauffman LLP,14
,
"Nolan & Mroz, PLC",Not Available
Nolletti Law Group PLLC,Not Available
Nolte Lackenbach Siegel LLP,22
Norby & Welding LLP,Not Available
Norman A. Thomas PLLC,Not Available
,
"Norman Hanson DeTroy, LC",47
Norris Choplin & Schroeder LLP,11
"Norris Keplinger Hicks & Welder, LLC",Not Available
Norris McLaughlin PA,118
"Northen Blue, LLP",Not Available
,
Northwest Law,Not Available
Norton Hammersley Lopez & Skokos PA,9
Norton Rose Fulbright,822
Norvell IP LLC,8
Norwood & Norwood PA,8
,
"Norwood & Norwood, P.A.",Not Available
Nossaman LLP,144
Novian & Novian LLP,19
Novick Edelstein Pomerantz PC,20
Novick Kim & Lee PLLC,14
,
Nowlan & Mouat LLP,14
"NT Lakis, LLP",8
Nukk Freeman & Cerra PC,39
"Nulman Mediation Services, Inc.",Not Available
"Numinen, DeForge & Toutant, PC",Not Available
,
Nusinov Smith LLP,8
Nutile Law,Not Available
Nutter McClennen & Fish LLP,151
Nuzzo & Roberts LC,22
Nyemaster Goode PC,87
,
Nyhan Bambrick Kinzie & Lowry PC,46
Nystrom Beckman & Paris LLP,11
NZS.ADR LLC,Not Available
Oaks Hartline & Daly LLP,8
Oakwood Legal Group LLP,27
,
"Oates, Knezevich, Gardenswartz, Kelly & Morrow, PC",Not Available
Oberman Law Firm,10
Obermayer Rebmann Maxwell & Hippel LLP,114
Oberti Sullivan LLP,Not Available
Oblon McClelland Maier & Neustadt LLP,34
,
O'Brien Belland & Bushinsky LLC,11
"O'Brien & Ford, PC",Not Available
O Brien & Ryan LLP,21
O Bryan Brown & Toner PLLC,34
O Connell & Aronowitz,29
,
O Connor McGuinness Conte Doyle Oleson Watson & Loftus LLP,19
"O Connor, O Connor, Bresee & First, PC",25
O Connor Playdon Guben & Inouye LLP,11
O Connor & Thomas PC,12
Octillo Law PLLC,6
,
Odegaard Miller Injury Lawyers,Not Available
Odelson Sterk Murphey Frazier & McGrath Ltd,22
Odin Feldman & Pittleman PC,52
O Donnell Weiss & Mattei PC,14
O Donoghue & O Donoghue LLP,31
,
Offit Kurman,285
Ogborn Mihm LLP,21
Ogden Murphy Wallace PLLC,65
Ogden Sullivan Stover & Saar PA,9
Ogletree Deakins Nash Smoak & Stewart PC,963
,
"Ogletree, Deakins, Nash, Smoak & Stewart, P.C.",Not Available
O’Hagan Meyer,278
O Hanlon Demerath & Castillo,18
O'Hara Law Firm PA,12
Ohnstad Twichell PC,30
,
O Keefe Lyons & Hynes LLC,11
O’Kelley & Sorohan Attorneys at Law LLC,52
Okin Adams LLP,Not Available
O Koon & Hintermeister PLLC,12
Older Lundy Koch & Martino Attorneys at Law,36
,
"O'Leary, Shelton, Corrigan, Peterson, Dalton & Quillin, LLC",Not Available
"Olenderfeldman, LLP",19
"Oliff, PC",29
Olinsky Law Group,41
Oliva Gibbs LLP,36
,
Olivarez Madruga Lemieux O Neill LLP,31
Olive Judd PA,10
"Olive Judd, P.A.",Not Available
"Oliver Maner, LLP",32
Oliver Price & Rhodes,13
,
Olshan Frome Wolosky LLP,98
"Olson Bzdok & Howard, PC",6
Olson Cannon Gormley & Stoberski,15
Olson & Hoggan PC,9
Olson & Olson LLP,37
,
Olson Remcho LLP,22
Olsson Frank Weeda Terman Matz PC,27
O Malley Miles Nylen & Gilmore PA,7
"O'Meara, Leer, Wagner & Kohl, P.A.",Not Available
O'Meara Wagner PA,15
,
O Melveny & Myers LLP,727
OnderLaw,Not Available
Onebane Law Firm APC,12
"O Neil, Cannon, Hollman, DeJong & Laing, SC",42
O'Neill Heinrich Damkroger Bergmeyer & Shultz PC LLO,11
,
O Neill McFadden & Willett LLP,12
O Neill Wallace & Doyle PC,10
O'Neil Wysocki PC,14
One LLP,29
Ongaro PC,13
,
Oppenheim & Zebrak LLP,20
Oram Houghton PLLC,21
Orbach Huff & Henderson LLP,40
"Orbock Ruark & Dillard, PC",Not Available
"Ordway Law Firm, PLLC",Not Available
,
O Reilly Rancilio PC,19
Orgain Bell & Tucker LLP,12
Orloff Lowenbach Stifelman & Siegel,26
O'Rourke & Moody LLP,Not Available
Orr Cook,Not Available
,
"Orrick, Herrington & Sutcliffe LLP",937
"Orr & Reno, PA",40
"Orr & Reno, P.A.",Not Available
"Orshan, Spann & Fernandez-Mesa",8
Orsinger Nelson Downing & Anderson LLP,21
,
Orson & Brusini Ltd,15
Ortale Kelley Herbert & Crawford,24
Orten Cavanagh Holmes & Hunt LLC,14
Ortoli Rosenstatdt LLP,21
Osborne Helman Scott Knisely & Stanton LLP,15
,
"Osborn Maledon, P.A.",52
Oscislawski LLC,Not Available
Oseran Hahn PS,11
Osha Bergman Watanabe & Burton LLP,22
Ostrolenk Faber LLP,11
,
"Ota & Hara, LLLC",Not Available
Otis & Bedingfield LLC,11
O'Toole Family Law,Not Available
O'Toole Scrivo LLC,68
"Ott Cone & Redpath, P.A.",Not Available
,
Otten Johnson Robinson Neff & Ragonetti PC,49
Otterbourg PC,62
Otteson Shapiro LLP,18
Ottinger Hebert LLC,14
Ottinger Law Group PLLC,Not Available
,
Ottosen Dinolfo Hasenbalg & Castaldo Ltd,26
Outten & Golden LLP,56
Overturf McGath & Hull PC,16
Oxley Rich Sammons Law Firm PLLC,Not Available
Pachulski Stang Ziehl & Jones LLP,77
,
"Pacifica Law Group, LLP",38
Pacific Law Partners LLP,13
PackardDierking,10
Packman Neuwahl & Rosenberg PA,13
Padfield & Stout LLP,26
,
Paduano & Weintraub LLP,20
Paganelli Law Group LLC,20
"Page Law, LLC",Not Available
"Page, Mannino, Peresich & McDermott, PLLC",12
"Page, Scrantom, Sprouse, Tucker & Ford, PC",35
,
PAG.LAW PLLC,Not Available
Paine Bickers Elder King & Williams LLP,8
Paine Hamblem LLP,21
Pakis Giotes Page & Burleson PC,13
Palazzo Law Firm,Not Available
,
"Palma Yanni, PC",Not Available
Palmer & Barr PC,13
Palmer Biezup & Henderson LLP,6
"Palmieri, Tyler, Wiener, Wilhelm & Waldron LLP",32
"PampaninFoster, LLC",Not Available
,
"Pandak & Taves, PLLC",Not Available
"Panitch Schwarze Belisario & Nadel, LLP",20
Pannone Lopes Devereaux & O Gara LLC,37
Pansing Hogan Ernst & Bachman LLP,19
"Panza Maurer & Maynard, PA",34
,
Papetti Samuels Weiss McKirgan LLP,Not Available
Paradise Law Group,Not Available
Parker Bryan Britt Tanner & Jenkins PLLC,9
Parker & Covert LLP,12
Parker Daniels Kibort LLC,15
,
Parker Hudson Rainer & Dobbs LLP,61
"Parker, Hudson, Rainer & Dobbs LLP",Not Available
"Parker Ibrahim & Berg, LC",18
Parker McCay,52
Parker Milliken Clark O Hara & Samuelian APC,26
,
Parker Poe Adams & Bernstein LLP,279
Parker Pollard Wilton & Peaden PC,10
Parker Shaffie LLP,14
Parker Stanbury LLP,35
"Parkowski, Guerke & Swayze, P.A.",18
,
"Parks and Solar, LLP",Not Available
Parks Chesin & Walbert,12
"Park Vaughan Fleming, LLP",6
Parlatore Law Group,13
Parmenter Law,13
,
Parr Brown Gee & Loveless,84
Parrett Porto Parese & Colwell PC,15
Parrilli Renison LLC,Not Available
Parrish Kruidenier,17
Parr Richey Frandsen Patterson Kruse LLP,17
,
Parsons Behle & Latimer,196
"Parsons Farnell & Grein, LLP",16
Parsons Lee & Juliano PC,10
Parsons McEntire McCleary PLLC,14
Partridge Snow & Hahn LLP,42
,
Pashman Stein Walder Hayden P.C.,89
Pasich LLP,18
Paskert Divers Thompson,18
Pasternack Tilker Ziegler Walsh Stanton & Romano LLP,34
"Pasternak & Fidis, P.C.",Not Available
,
Pastore & Dailey LLC,11
"Pastori Krans, PLLC",Not Available
Patenaude & Felix APC,11
Patituce & Associates LLC,7
"Patla, Straus, Robinson & Moore, P.A.",Not Available
,
"Patomak Global Partners, LLC",Not Available
Patrick Beard Schulman & Jacoway PC,19
Patten Wornom Hatten & Diamonstein LC,9
"Patterson, Belknap, Webb & Tyler LLP",187
Patterson Bray PLLC,10
,
Patterson Buchanan Fobes & Leitch Inc PS,22
Patterson Dahlberg Injury Lawyers,Not Available
Patterson Intellectual Property Law PC,15
"Patterson Law Firm, L.L.P.",14
"Patterson Ripplinger, P.C.",Not Available
,
"Patterson & Sheridan, LLP",80
"Pattishall, McAuliffe, Newbury, Hilliard & Geraldson LLP",19
Patton & Ryan LLC,8
Patzik Frank & Samotny Ltd,34
Paule Camazine & Blumenthal,27
,
"Paul Frank & Collins, PC",29
Paul Griffin Law,Not Available
Paul Hastings LLP,843
"Paul, Weiss, Rifkind, Wharton & Garrison LLP",999
Pavese Law Firm,24
,
Pavia & Harcourt LLP,12
Payne & Fears LLP,41
Payne & Jones,18
Peabody & Arnold LLP,53
Peacock Keller LLP,18
,
Peacock Law P.C.,Not Available
Peacock Piper Tong & Voss LLP,11
Peak Wooten McDaniel & Colwell LLP,Not Available
Pearce & Durick PLLC,8
Pearce Law PLLC,Not Available
,
Pearl Cohen Zedek Latzer Baratz,41
Pearl Legal Group PC,Not Available
Pearlman Brown & Wax LLP,42
Pearlman & Miranda LLC,13
Pearne & Gordon LLP,23
,
Pearson Butler,29
Pearson Doyle Mohre Pastis LLP,17
Pearson Koutcher Law,Not Available
Pearson Warshaw LLP,14
"Pear Sperling Eggan & Daniels, P.C",15
,
Peavler Briscoe,10
Peckar & Abramson,102
Peck Ritchey LLC,15
Peddicord Wharton,16
Pedersen & Houpt,27
,
Peebles Kidder,16
Peifer Hanson Mullins & Baker PA,11
Peiffer Wolf Carr Kane Conway & Wise LLP,28
Pelini Campbell & Ricard LLC,13
Pellettieri Rabstein & Altman,17
,
Pels Law LLC,13
Pemberton Law Firm,20
Pence & MacMillan LLC,12
"Pender & Coward, PC",33
Penino & Moynihan LLP,17
,
"Penner Lowe Law Group, LLC",8
Pennington P.A.,32
PennStuart,31
Pentiuk Couvreur & Kobiljak PC,10
Pepple & Waggoner Ltd,12
,
"Perellis & Associates, LLC",Not Available
"Perez & Morris, LC",35
Perkins Coie LLP,"1,213"
Perkins Thompson,24
Perlman Bajandas Yevoli & Albright P.L.,19
,
Perlman & Perlman LLP,11
Perretta Law Office,Not Available
Perrier & Lacoste,25
"Perry, Guthery, Haase & Gessford",12
"Perry, Johnson, Anderson, Miller & Moskowitz, LLP",27
,
Perry Law,12
Perry Van Etten Rozanski & Kutner LLP,19
Perry & Walters LLP,8
"Person Whitworth Borchers & Morales, LLP",14
"Pessin Katz Law, P.A.",52
,
Peter Brown & Associates PLLC,Not Available
"Peter D. Corti Law Group, PC",Not Available
"Peter G. Angelos, PC",19
"Peter Perlman, P.S.C.",Not Available
Peters Kalail & Markakis Co LPA,9
,
Peters Law Firm PC,11
"Peters & Monyak, LLP",7
Peterson Bernard,14
Peterson Bradford & Burkwitz LLP,15
Peterson & Myers PA,26
,
"Peterson Russell Kelly, LC",21
Peters Revnew Kappenman Anderson PA,7
Peter T. Nicholl Law Office,10
Petit & Dommershausen SC Law Offices,13
Petrarca Gleason Boyle & Izzo LLC,12
,
Petro Cohen PC,9
"Petry Rosie & Sinex, P.L.L.C",Not Available
Pettiette Armand Dunkelman Woodley & Cromwell LLP,15
Pettit Kohn Ingrassia Lutz & Dolin PC,56
"Pharr Law, PLLC",Not Available
,
Phelan Tucker Law LLP,14
Phelps Dunbar LLP,397
Phelps Jenkins Gibson & Fowler LLP,10
Phillips & Cohen LLP,22
Phillips Lytle,166
,
Phillips Murrah PC,66
Phillips Murrah P.C.,Not Available
Phillips Nizer LLP,55
Phillips Parker Orberson & Arnett PC,21
"Phillips, Richard & Rind, P.A.",Not Available
,
"Phillips Spallas & Angstadt, LC",51
Phillips Whisnant Gazin Gorczyca & Curtin LLP,16
Phoenix Law Group PLC,10
Pia Hoyt Law Firm LLC,15
"Pickrel, Schaeffer & Ebeling",17
,
Pierce Atwood LLP,150
Pierce Couch Hendrickson Baysinger & Green,38
Pierce Davis & Perritano LLP,24
Pierce Jewett PLLC,8
Pierce Kavcioglu Espinosa & Cesar LLP,Not Available
,
Pierce & Mandell PC,11
Pierce Sloan Kennedy & Early LLC,17
"Pierce, Sloan, Kennedy & Early LLC",Not Available
Pierro Connor & Strauss LLC,16
Pierson Ferdinand LLP,120
,
Pietragallo Gordon Alfano Bosick & Raspanti LLP,54
"Pike & Lustig, LLP",Not Available
PilieroMazza PLLC,36
"Pillinger Miller Tarallo, LLP",98
Pillsbury Winthrop Shaw Pittman LLP,646
,
Pinales Stachler Young & Burrell,Not Available
Pines Bach,18
Pine Tillett Pine LLP,Not Available
Pion Nerone Girman Winslow & Smith PC,23
Pipes Miles Beckman LLC,33
,
"Pirkey Barber, PLLC",41
Pisanelli Bice PLLC,10
"Pitcher Thompson, P.C.",Not Available
Pitta LLP,17
"Pitts, Hay, & Hugenschmidt Attorneys At Law",Not Available
,
"Pitzer Snodgrass, P.C.",13
Pivec & Associates PLLC,Not Available
P K Schrieffer LLP,7
Plakas Mannos,18
Plant Christensen & Kanell,8
,
"Plante & Hanley, P.C.",Not Available
Plante Lebovic LLP,14
Platt Richmond PLLC,29
"Platzer, Swergold, Levine, Goldberg, Katz & Jaslow, LLP",18
Plauche Maselli Parkerson LLP,14
,
Plauche Smith & Nieset LLC,15
Plave Koch PLC,14
PLBSH,15
Pleiss Sitar McGrath Hunter & Hallack,9
"Plews Shadley Racher & Braun, LLP",37
,
Plumsea Law Group LLC,11
"Plunkett Cooney, PC",129
"Plunkett Cooney, P.C.",Not Available
Plunk Smith PLLC,13
Pluymert MacDonald Hargrove & Lee Ltd,12
,
Podell Schwartz Schechter & Banfield LLP,12
"Podhurst Orseck, PA",17
Pohl & Aubrey PSC,17
Poinsett PLLC,Not Available
Poling Law,9
,
"Polk Kabat, LLP",Not Available
Pollart Miller LLC,23
Pollock Law,Not Available
Polsinelli PC,"1,022"
Pomerantz LLP,43
,
Pomerantz Sherman LLC,8
Pond Lehocky Giordano LLP,31
"Pond North, LLP",8
Poole Brooke Plumlee PC,16
Poole Huffman LLC,14
,
Poole & Shaffery LLP,12
Pope Flynn LLC,11
"Pope Flynn, LLC",Not Available
Pope Hardwicke Christie Schell Kelly & Taplett LLP,13
Pope & Katcher,Not Available
,
"Porteous, Hainkel and Johnson, LLP",52
Porterfield Harper Mills Motlow & Ireland PA,17
Porter Foster Rorick LLP,15
Porter Hedges LLP,122
Porter Mcguire Kiakona LLP,12
,
Porter Rogers Dahlman & Gordon PC,13
Porter Scott,37
Porter Simon PC,12
Porter Wright Morris & Arthur LLP,158
Porzio Bromberg & Newman,104
,
PostPolak,21
Post & Schell,150
Potestivo & Associates,11
Pothitakis Law Firm P.C.,Not Available
Potomac Law Group,136
,
Potter Anderson & Corroon LLP,116
Potter Minton PC,7
"Potter, Potter & Jennings, PLC",Not Available
Potts Law Firm,14
Poulson Odell & Peterson LLC,7
,
"Powell Radomsky, PLLC",Not Available
Power & Cronin Ltd,14
Power Rogers LLP,14
Powers Chapman,15
"Power Snell, P.C.",Not Available
,
Powers Pyles Sutter & Verville PC,39
"Powers & Santola, LLP",6
Poyner Spruill LLP,90
"Pray Walker, PC",17
Pregenzer Baysinger Wideman & Sale PC,7
,
Preg O Donnell & Gillett,30
Prelle Eron & Bailey P.A.,Not Available
"Prenovost, Normandin, Bergh & Dawe",12
"Prentiss Law Firm, P.C.",Not Available
Preti Flaherty Beliveau & Pachios Chartered LLP,99
,
Pretzel & Stouffer Chartered,31
Price Heneveld LLP,19
Price Meese Shulman & D Arminio PC,28
"Price Postel & Parma, LLP",20
Prichard Young LLP,Not Available
,
"Prickett, Jones & Elliott, P.A.",17
"Primmer Piper Eggleston & Cramer, PC",42
Prince Lobel Tye LLP,91
Prindle Goetz Barnes & Reinholtz LLP,33
Pringle & Herigstad PC,11
,
Pringle Quinn Anzano PC,12
Prizant Law,Not Available
"Procopio, Cory, Hargreaves & Savitch LLP",191
Proskauer Rose LLP,697
Prospera Law LLP,26
,
Protorae Law PLLC,7
Pryor Cashman LLP,233
Pugh Accardo LLC,31
"Pullin, Fowler, Flanagan, Brown & Poe, PLLC",39
"Pullman & Comley, LLC",88
,
Pulman Cappuccio & Pullen LLP,14
Purcell Flanagan Hay & Greene PA,14
"Purkey & Associates, PLC",Not Available
Purrington Moody Weil LLP,27
Pusateri Johnston Guillot Greenbaum,19
,
Pyfer Reese Straub Gray & Farhat PC,10
"Quan Law Group, PLLC",Not Available
Quarles & Brady LLP,512
Quatela Chimeri PLLC,12
"Quattlebaum, Grooms & Tull, PLLC",38
,
Queller Fisher Washor Fuchs & Kool LLP,12
Quilling Selander Lownds Winslett & Moser PC,67
"Quinlivan & Hughes, PA",19
"Quinn Buseck Leemhuis Toohey & Kroto, Inc.",12
"Quinn Emanuel Urquhart & Sullivan, LLP",767
,
"Quinn, Johnston, Henderson, Pretorius & Cerulo",19
Quinn Law Group PLLC,22
Quinn McCabe LLP,12
"Quintairos Prieto Wood & Boyer, PA",467
"Quintairos, Prieto, Wood & Boyer, P.A.",Not Available
,
"Quirk & Quirk, LLC",10
"R3M Law, LLP",Not Available
Rabalais Unland LLP,20
"Rabinowitz, Lubetkin & Tully, L.L.C.",Not Available
Racine Olson Nye Budge & Bailey Chartered,19
,
Radey Law Firm,11
Radler White Parks & Alexander LLP,Not Available
Raffaele & Puppio,7
Ragghianti Freitas LLP,17
Ragsdale Liggett PLLC,27
,
Rai Duer PC,7
Raines Feldman Littrell LLP,82
"Rainey Kizer Reviere & Bell, PLC",49
Rainone Coughlin Minchello,21
Rajkowski Hansmeier Ltd.,12
,
Rakoczy Molino Mazzochi Siwik LLP,32
Ramey Chandler Quinn PC,15
Rammelkamp Bradney,7
Ramos Law,27
"Ramras Legal, PLC",Not Available
,
Ramsbacher Prokey Leonard LLP,12
Randall Danskin,21
Randazzo Giglio & Bailey LLC,11
Rankin Shuey Ranucci Mintz Lampasona & Reynolds PC,12
Rankin & Sultan,Not Available
,
Ransdell Roach & Royse PLLC,Not Available
Ransmeier & Spellman PC,15
Rapp & Krock PC,15
Rasmussen Dickey Moore LLC,18
Ratcliffe Harten Galamaga LLP,10
,
Rathbone Group LLC,11
Rathbun Cservenyak & Kozol LLC,10
Rathje Woodward LLC,13
"Rath, Young & Pignatelli, PC",28
Ratto Law Firm PC,14
,
Ratwik Roszak & Maloney PA,16
Rawle & Henderson LLP,88
"Rayburn Cooper & Durham, P.A.",10
Ray Pena McChristian PC,33
Ray Quinney & Nebeker,105
,
Ray Thomas Law Group,Not Available
RCO Law,Not Available
"Real Estate Law Group, LLP",Not Available
Real Property Law Group PLLC,Not Available
Reavis Page Jump LLP,15
,
Reback McAndrews & Blessey LLP,15
"Rebekah Fisher & Associates, PLLC",Not Available
Recht Kornfeld PC,13
Reddy & Neumann PC,11
Redfern Mason Larsen & Moore PC,12
,
Redgrave LLP,37
"Redmon, Peyton & Braswell LLP",15
"Redstone Law Firm, LLP",Not Available
"Reed Law Firm, P.A.",Not Available
Reed Longyear Malnati Corwin Burnett PLLC,18
,
Reed McClure,9
Reed Smith LLP,975
Rees Broome PC,41
Reese Marketos LLP,14
Refugio del Rio Grande,Not Available
,
Regan Zambri Long PLLC,Not Available
Reger Rizzo & Darnall LLP,50
Regina Skyer & Associates LLP,18
Regnante Sterio LLP,9
Reich Adell Cvitan,14
,
Reichman Jorgensen Lehman & Feldberg LLP,38
Reicker Pfau Pyle & McRoy LLP,16
"Reid and Riege, P.C.",28
Reid Collins & Tsai LLP,40
"ReidGoodwin, PLC",Not Available
,
"Reifers, Holmes & Peters LLC",17
Reilly McDevitt & Henrich PC,38
Reiner & Pleva PLLC,Not Available
Reinhardt Harper Davis,7
Reinhardt Savic Foley LLP,13
,
Reinhart Boerner Van Deuren SC,208
Reinisch Wilson Weier PC,32
Reisenfeld & Associates,16
Reising Ethington PC,15
Reisz Sideran Eisenberg A Professional Corporation,13
,
Reiter Burns LLP,Not Available
Reitler Kailas & Rosenblatt LLC,54
"Rembolt Ludtke, LLP",30
Reminger Co LPA,159
"Remy Moose Manley, LLP",16
,
"Rendigs, Fry, Kiely & Dennis, LLP",26
Renne Public Law Group LLP,24
Renner Kenner Greive Bobak Taylor & Weber Co LPA,12
Renner Otto,23
"Rennert Vogel Mandler & Rodriguez, P.A.",27
,
Reno & Cavanaugh,39
Reno & Zahm LLP,15
Renzulli Law Firm LLP,14
Resch Polster & Berger LLP,13
Resnick & Louis,189
,
Resolve Law Group,17
Reuben Junius & Rose LLP,22
"Reuben, Junius & Rose, LLP",Not Available
Reyes Kurson,6
Reyes & Reyes Law Firm,7
,
Reynolds Frizzell LLP,15
Reynolds Parrino Shadwick PA,11
"RezLegal, LLC",Not Available
Rhoades McKee,48
Rhoades McKee PC,Not Available
,
Rhodes Hieronymus,23
Ricci Law Firm Injury Lawyers,24
Ricci Tyrrell Johnson & Grey,23
Rice Law,6
Rice Pugatch Robinson Storfer & Cohen PLLC,17
,
Richard Beck LLC,Not Available
"Richard D. Sparkman & Associates, P.A.",Not Available
Richard Gorman Law,Not Available
"Richard H. Steen, LLC",Not Available
Richards Brandt,22
,
"Richard S. Brownlee, III",Not Available
Richards Carrington LLC,10
Richards & Connor PLLP,13
Richards Layton & Finger PA,171
RichardsonClement PC,Not Available
,
Richardson Firm PLLC,Not Available
Richardson Plowden & Robinson PA,41
Richardson Whitman  Large & Badger,10
"Richards, Watson & Gershon",64
Rich Cassidy Law,Not Available
,
Rich Intelisano & Katz LLP,16
Rich May PC,33
Richter Head Shinall White & Slotkin LLP,18
Rider Weiner & Frankel PC,11
Ridley McGreevy & Winocur PC,12
,
Riemer & Braunstein LLP,100
"Riezman Berger, P.C.",24
"Rifkin & Fox-Isicoff, P.A.",Not Available
Rifkin Weiner Livingston LLC,19
Rigby Slack Lawrence Berger Akinc Pepper & Comerford PLLC,16
,
Riggs Abney Neal Turpen Orbison & Lewis Inc,65
Righi Fitch Law Group,15
Riker Danzig LLP,132
"Riley Bennett & Egloff, LLP",27
"Riley, Hewitt, Witte & Romano",9
,
"Riley & Jackson, P.C.",Not Available
Riley & Jacobson PLC,18
"Riley & Jacobson, PLC",Not Available
Riley Pope & Laney LLC,12
Riley Riper Hollin & Colagreco,18
,
Riley Safer Holmes & Cancila,84
Rimon PC,193
"Ringstad & Sanders, LLP",Not Available
Rinke Noonan,23
RinLaures LLC,Not Available
,
Ripes Nelson Baggot & Kalobratsos PC,9
RisCassi & Davis PC,9
Rissman Barrett Hurt Donahue McLain & Mangan PA,97
Ritholz Levy Fields LLP,21
Ritsema Law PC,27
,
Rittgers Rittgers & Nakajima,23
Ritzler Coughlin & Paglia Ltd,10
Rivera Law PLLC,Not Available
Rivero Mestre LLP,21
Rivkin Radler LLP,253
,
RKW Law Group,Not Available
RMO LLP,Not Available
RMP LLP,34
"Roach, Brown, McCarthy & Gruber, P.C.",9
Robbins DiMonte,33
,
Robbins Geller Rudman & Dowd LLP,182
"Robbins, Kelly, Patterson & Tucker",25
Robbins LLP,16
Robbins Ross Alloy Belinfante Littlefield LLC,24
Robbins Schwartz,43
,
Robb Leonard Mulvihill LLP,15
Robert Allen Law,16
"Robert B. McKinstry, Jr",Not Available
Robert D. Ahlgren & Associates,Not Available
Robert D. Bohm PLLC,Not Available
,
"Robert Peirce & Associates, P.C.",15
Roberts Carroll Feldstein & Peirce Inc.,17
Roberts & Holland LLP,27
Roberts Jeandron Law,Not Available
Roberts Markel Weinberg Butler Hailey PC,43
,
Robertson Anschutz Schneid Crane & Partners PLLC,8
Roberts Perryman PC,16
Roberts Reynolds Bedard & Tuzzio PA,29
"Robert S. Stein, Inc.",Not Available
Roberts & Stevens PA,27
,
Robichaux Mize Wadsack Richardson & Watson LLC,8
"Robinett, Swartz & Duren",Not Available
Robins Kaplan LLP,183
Robinson Bradshaw & Hinson PA,168
Robinson & Cole LLP,266
,
Robinson Di Lando APLC,15
"Robinson Donovan, P.C.",Not Available
Robinson Gray Stepp & Laffitte LLC,39
Robinson & Henry PC,69
Robinson Kriger & McCallum,12
,
Robinson & Lawing LLP,13
"Robinson & McElwee, PLLC",32
"Robinson Waters & O Dorisio, P.C.",36
Robison Curphey & O'Connell LLC,34
Robison Sharp Sullivan & Brust,11
,
Robles Rael & Anaya,16
Rochelle McCulloch & Aulds PLLC,13
"Roderick Linton Belfance, LLP",27
Rodey Dickason Sloan Akin & Robb PA,57
Rodnunsky & Associates,27
,
Rodolf & Todd,11
Roe Cassidy Coates & Price PA,9
Roedel Parsons Blache Fontana Piontek & Pisano,18
Roerig Oliveira & Fisher LLP,12
Roetzel & Andress,166
,
Roger Fincher Attorney at Law,Not Available
Rogers & Greenberg LLP,10
Rogers Joseph O Donnell PC,38
Rogers Lewis Jackson Mann & Quinn LLC,11
Rogers Mastrangelo Carvalho & Mitchell Ltd,10
,
Rogers Morris & Grover LLP,14
Rogers Patrick Westbrook & Brickman LLC,24
Rogers Sheffield & Campbell LLP,10
Rogers Towers,61
Rogers Townsend LLC,31
,
"Roger T. Castle, P.C.",Not Available
Rogin Nassau LLC,30
"Rogosheske, Rogosheske & Atkins PLLC",Not Available
Rohrbachers Trimble & Zimmerman Co LPA,10
Roig Lawyers,53
,
"Roland G. Simpson, A Law Corporation",Not Available
Rolfes Henry Co LPA,44
Rolf Goffman Martin Lang LLP,21
"Rollins, Smalkin, Richards & Mackie, L.L.C.",11
Rolnick Kramer Sadighi LLP,13
,
Romano Law PLLC,29
Romanucci & Blandin LLC,18
Romer Debbas LLP,26
Ronald J. Russo Law Firm,Not Available
Ronan Tuzzio & Giannone,17
,
Rooney Law,15
Roper PA,16
Ropers Majeski,103
Ropes & Gray LLP,"1,376"
Rory Law,Not Available
,
Rosati Schultz Joppich & Amtsbuechler PC,25
Rose & de Jong SC,10
Rose Grasch Camenisch Mains PLLC,13
Rose Klein & Marias LLP,16
Rose Law Firm,57
,
Rose Law Group,33
Roseman Law APC,12
Rose M. La Femina,Not Available
"Rosenbaum Law Group, PC",Not Available
Rosenberg Calica & Birney LLP,12
,
"Rosenberg & Estis, P.C.",96
"Rosenberg & Fayne, L.L.P.",Not Available
"Rosenberg, Giger & Perala P.C.",Not Available
Rosenberg Jacobs Heller & Fleming PC,10
"Rosenberg Martin Greenberg, LLP",40
,
Rosenberg | Pelino,Not Available
Rosen Bien Galvan & Grunfeld LLP,24
Rosenblatt Law Firm,10
Rosenblum Goldenhersh,18
"Rosenblum Immigration Law, PLLC",Not Available
,
Rosenblum Schwartz Rogers & Glass PC,15
Rosen & Hagood LLC,11
"Rosen Harwood, PA",19
"Rosen Law Firm, LLC",Not Available
Rosen Neuberger Lehmann LLP,9
,
Rosenn Jenkins & Greenwald LLP,28
Rosen Saba LLP,14
"Rosenstein, Fist & Ringold",17
Rosenthal Pauerstein Sandoloski Agather LLP,20
"Rosette, LLP",21
,
Ross Aronstam & Moritz LLP,16
Ross Brittain & Schonberg CO LPA,14
"Rossetti & DeVoto, P.C.",Not Available
Rossi Law Group,19
Ross Molina Oliveros PC,17
,
Ross & Pines,Not Available
Rossway Swan,14
Ross Wolcott Teinert & Prout LLP,15
"Rothberg Logan & Warsco, LLP",16
Roth Blair Roberts Strasfeld & Lodge,17
,
Roth Davies LLC,Not Available
Roth Jackson Gibbons Condlin PLC,18
"Roth Jackson Gibbons Condlin, PLC",Not Available
"Rothman Gordon, P.C.",18
Rothner Segall & Greenstone Attys At Law,13
,
Rothstein Donatelli LLP,18
Rothstein Mandell Strohm Halm & Cipriani PC,12
"Rothwell, Figg, Ernst & Manbeck PC",44
"Rothwell, Figg, Ernst & Manbeck, P.C.",Not Available
Rottenberg Lipman Rich PC,20
,
Rouse Frets White Goss Gentile Phodes PC,56
"Rouse Frets White Goss Gentile Rhodes, P.C.",Not Available
"Rowe Law Group, LTD.",Not Available
Roxborough Pomerance Nye & Adreani LLP,12
Royer Cooper Cohen Braunfeld LLC,64
,
"Royston, Mueller, McLean & Reid, LLP",16
Royston Rayzor,49
RPCK Rastegar Panchal,11
Rubenstein Law,Not Available
"Ruberry, Stalmack & Garvey, LLC",19
,
Ruberto Israel & Weiner PC,24
Rubin and Rudman LLP,80
Rubin Fortunato,16
"Rubin & Levin, PC",13
Rubin Lublin LLC,19
,
Rubin Paterniti Gonzalez Kaufman LLP,42
"Ruckelshaus Kautzman Blackwell Bemis Duncan & Merchant, LLP",Not Available
Ruddell Cochran Stanton Smith & Bixler LLP,6
Ruder Ware LLSC,47
Rudman & Winchell LLC,29
,
Rudnick Immigration Group P.C.,Not Available
Rudolph Clarke LLC,22
Rudolph Friedmann LLP,19
Rudy Exelrod Zieff & Lowe LLP,9
Ruegsegger Simons Smith & Stern,26
,
Rulis & Bochicchio LLC,14
"Rulis & Bochicchio, LLC",Not Available
Rumberger Kirk & Caldwell,92
Rupp Anderson Squires & Waldspurger PA,15
Rupp Pfalzgraf LLC,63
,
Ruprecht Hart Ricciardulli & Sherman LLP,19
Rushforth Firm Ltd.,Not Available
"Rush & Gransee, L.C.",Not Available
"Rush, Hannula, Harkins & Kyler PLLC",Not Available
"Rush Moore, LLP",14
,
Rushton Stakely Johnston & Garrett,34
Rusing Lopez & Lizardi PLLC,27
"Rusin & Maciorowski, Ltd",36
Ruskin Moscou Faltischek PC,72
Rusk Wadlin Heppner & Martuscello LLP,11
,
"Russ, August & Kabat",47
Russell Friedman & Associates,17
Russo & Gould LLP,29
"Russo Law Group, P.C.",Not Available
"Rutan & Tucker, LLP",153
,
Rutherford Christie LLP,17
Rutledge Ecenia PA,9
Ryan Law Firm LLP,29
"Ryan Law, P.A.",Not Available
Ryan Rapp Pacheco Sorensen PLC,15
,
Ryan Ryan Deluca LLP,29
"Ryan Smith & Carbine, Ltd.",20
Ryan Swanson & Cleveland PLLC,41
Ryan Whaley Coldiron Jantzen Peters & Webber PLLC,19
Rymer Echols Slay & Nelson Archer PC,9
,
"Rynearson, Suess, Schnurbusch & Champion L.L.C.",22
Rywant Alvarez Jones Russo & Guyton PA,21
"Saalfeld Griggs, PC",30
Saalfield Shad PA,20
Sacco & Fillas LLP,33
,
Sachs Sax Caplan PL,30
Sacks & Sacks LLP,8
Sacks Tierney P.A.,37
"Sacopulos, Johnson & Sacopulos",Not Available
"Sadis Goldberg, LLP",29
,
Safarian Choi & Bolstad LLP,13
Sagaser Watkins & Wieland PC,19
Sage Law Partners LLC,11
"Sage Patent Group, PLLC",Not Available
Sahn Ward Braff Koblenz PLLC,30
,
Saiber LLC,54
Salazar Law,Not Available
Salenger Sack Kimmel & Bavaro LLP,12
Salley Hite Mercer & Resor LLC,17
"Sall Spencer Callas & Krueger, A Law Corporation",Not Available
,
"Salmon, Lewis & Weldon, P.L.C.",16
"Salmon, Ricchezza, Singer & Turchi LLP",30
"Saltz Mongeluzzi Barrett & Bendesky, PC",43
Salvatore Prescott Porter & Porter PLLC,14
Salzmann Hughes PC,29
,
Samford & Denson LLP,10
Samuel I White PC,15
Samuelsen Gonzalez Valenzuela Brown,33
Samuels Miller Law Firm,10
Sanchez & Amador LLP,8
,
Sanchez Daniels & Hoffman LLP,22
"Sanchez-Medina, Gonzalez, Quesada, Lage, Crespo, Gomez",23
Sandberg Phoenix & Von Gontard PC,190
Sanders & Austin,Not Available
Sanders Law Group,13
,
"Sanders & Parks, PC",18
Sanders Pianowski LLP,11
Sanders Roberts LLP,31
Sanders Warren & Russell LLP,26
San Diego Land Lawyers Inc.,Not Available
,
Sandler Reiff Lamb Rosenstein & Birkenstock PC,13
Sandler Travis & Rosenberg PA,40
Sand & Saidel PC,12
Sands Anderson PC,73
Sandulli Grace PC,9
,
"Sanford Heisler Sharp, LLP",47
Sanford Kuhl Hagan Kugle Parker Kohn LLP,11
Santen & Hughes,11
Santomassimo Davis LLP,24
Santoyo Wehmeyer PC,23
,
Sapientia Law Group PLLC,12
Sapient Law,14
Saretsky Hart Michaels & Gould PC,15
Saretsky Katz & Dranoff LLP,11
Sassoon Cymrot Law LLC,16
,
Sather Byerly & Holloway LLP,40
"Sauchik & Giyaur, P.C.",Not Available
Saul Ewing LLP,446
Saunders Walsh & Beard,17
Savage Law Partners LLP,18
,
"Savage, Yeates & Waldron, P.C.",Not Available
"Savell & Williams, LLP",19
"Savitz Law Offices, P.C.",Not Available
Savo Schalk Gillespie O Grodnick & Fisher PA,14
"Savrick, Schumann Johnson McGarr",21
,
Saxe Doernberger & Vita PC,48
Saxena White PA,26
Saxena White P.A.,Not Available
Saxon Gilmore & Carraway PA,13
Saxton & Stump LLC,106
,
"Sayad & Associates, LLC",Not Available
Sayles & Evans,6
Sbaiti & Company,Not Available
"SBR Law Group, LLC",Not Available
Scahill Law Group PC,33
,
Scale Law,Not Available
Scale LLP,72
Scali Rasmussen PC,11
Scarfone & Geen PC,8
Scarinci Hollenbeck LLC,66
,
Scaringi Law,9
Scarola Zubatov Schaffzin PLLC,12
Scarpulla Law Firm,Not Available
Schaerr Jaffe LLP,24
Schagrin Associates,12
,
Schain Banks Kenny & Schwartz LTD,28
Scharf Banks Marmor LLC,14
Scharnhorst Ast Kennard Griffin PC,16
Scheef & Stone LLP,60
Schell Bray PLLC,26
,
"Schenck, Price, Smith & King, LLP",82
Schertler Onorato Mead & Sears,15
"Schiavetti, Corgan, DiEdwards, Weinberg & Nic",23
Schiffer Hicks Johnson PLLC,20
"Schiller DuCanto & Fleck, LLP",39
,
Schiller Pittenger & Galvin PC,12
Schirrmeister Diaz-Arrastia & Brem LLP,Not Available
Schlachman Belsky Weiner & Davey PA,14
Schlack Ito LLLC,14
Schlam Stone & Dolan LLP,26
,
Schlanger Silver LLP,23
Schlemlein Fick & Franklin PLLC,15
"Schlemlein Fick & Franklin, PLLC",Not Available
Schlesinger & Buchbinder LLP,12
"Schlichter Bogard & Denton, LLP",19
,
Schlossberg LLC,14
"Schmeiser, Olsen & Watts LLP",14
"Schmidt, Sethi, & Akmajian, PC",Not Available
Schmiedeskamp Robertson Neu & Mitchell  LLP,19
Schmittinger & Rodriguez PA,13
,
Schmitt Schneck Even & Williams PC,16
Schmoyer Reinhard LLP,12
Schnapf LLC,Not Available
"Schneiders & Associates, LLP",8
Schneider Smeltz Spieth Bell LLP,30
,
Schneider Tanaka Radovich Andrew & Tanaka,10
Schneider Tanaka Radovich Andrew & Tanaka LLLC,Not Available
Schneider Wallace Cottrell Konecky LLP,37
"Schober Schober & Mitchell, SC",18
Schoch & Schoch Attorneys at Law,Not Available
,
"Schoeman Updike & Kaufman, LLP",18
Schoenberg Finkel Beederman Bell Glazer LLC,31
"Scholten Fant, PC",14
Schonbrun Seplow Harris Hoffman & Zeldes LLP,13
Schonekas Evans McGoey McEachin LLC,11
,
"Schouest, Bamdas, Soshea, BenMaier & Eastham PLLC",137
"Schreeder, Wheeler & Flint",16
Schreimann Rackers & Francka LLC,13
"Schröder, Joseph & Associates, LLP",Not Available
Schroeder Maundrell Barbiere & Powers,17
,
Schuchat Cook & Werner,16
"Schuering Zimmerman & Doyle, LLP",15
"Schuitmaker Law Office, P.C.",Not Available
Schulman Hershfield & Gilden PA,6
Schulman Lopez Hoffer & Adelstein LLP,25
,
Schulte Anderson Downes Aronson & Bittner P.C.,Not Available
Schulten Ward & Turner LLP,16
Schulte Roth & Zabel LLP,366
Schultz & Myers Personal Injury Lawyers,6
Schumann Hanlon Margulies LLC,14
,
Schumann Rosenberg & Arevalo LLP,12
"Schwabe, Williamson & Wyatt, P.C.",156
Schwab & Gasparini,13
Schwartz Gilligan LTD,11
Schwartz Hannum PC,13
,
"Schwartz Law Firm, P.C.",Not Available
"Schwartz, McMinimee & Andrew, LLC",Not Available
"Schwartz Page & Harding, LLP",20
Schwartz Posel Immigration Law Group,Not Available
"Schwartz & Schwartz, Attorneys At Law, P.A.",Not Available
,
Schwartz Semerdjian,12
Schwartz Sladkus Reich Greenberg Atlas LLP,75
"Schwebel Goetz & Sieben, PA",18
"Schwegman, Lundberg & Woessner P.A.",115
Schwell Wimpfheimer & Associates,11
,
"Scofield, Gerard, Pohorelsky, Gallaugher & Landry",8
Scolaro Fetter Grizanti & McGough PC,14
Scopelitis Garvin Light Hanson & Feary PC,88
"Scott Douglass & McConnico, LLP",41
"Scott H. Robinson, P.C.",Not Available
,
ScottHulse PC,20
Scott & Kraus LLC,11
Scott Patton PC,Not Available
Scott+Scott,Not Available
Scott & Scott Attorneys at Law LLP,78
,
Scott Scriven LLP,15
Scrudder Bass Quillian Horlock Lazarus & Adele LLP,12
Scruggs Carmichael & Wershow PA,15
"Scruggs, Carmichael & Wershow, P.A.",Not Available
Scully Scott Murphy & Presser PC,16
,
Seabaugh & Sepulvado,14
"Seager, Tufte & Wickhem LLP",19
Searcy Denney Scarola Barnhart & Shipley PA,39
"Sears & Associates, P.C.",Not Available
Sebaly Shillito + Dyer,24
,
Sebris Busto James,12
Secor Cassidy & McPartland PC,9
Secrest Hill Butler & Secrest PC,8
Secrest Wardle,44
Seder & Chandler LLP,17
,
"Sedey Harper Westhoff, P.C.",Not Available
Seed Intellectual Property Law Group LLP,48
Seegel Lipshutz Lo & Martin LLP,12
Seeger Weiss LLP,33
Seeley Savidge Ebert & Gourash Co LPA,20
,
Segal McCambridge Singer & Mahoney,122
Segal Roitman LLP,12
Segundo Law Group,8
Seiden & Schein PC,16
Seigfreid Bingham PC,50
,
Seiller Waterman LC,25
"Seitz, Van Ogtrop & Green, P.A.",Not Available
Selendy Gay PLLC,69
"Selikoff & Cohen, P.A.",Not Available
Sellers Ayers Dortch & Lyons,12
,
Selman Leichenger Edson Hsu Newman & Moore LLP,42
"Selman, Munson & Lerner PC",16
Seltzer Caplan McMahon Vitek,32
Semanoff Ormsby Greenberg & Torchia LLC,33
"Semmes, Bowen & Semmes",55
,
Senn Visciano Canges P.C.,23
Sequor Law,15
"Sercarz & Riopelle, LLP",Not Available
Serkland Law Firm,14
Serpe Andrews,32
,
"Serpe Andrews, PLLC",Not Available
Serviam by Wright LLP,6
"Sessions, Israel & Shartle",34
Setter Roche Smith & Shellenberger LLP,25
Settlepou,34
,
"Sevens Legal, APC",Not Available
Severson & Werson,43
Sevila Saunders Huddleston & White PC,12
Seward & Kissel LLP,167
Sexton Riley LLP,Not Available
,
Seyburn Kahn PC,17
Seyfarth Shaw LLP,855
Seyferth Blumenthal & Harris LLC,12
SGR LLC,25
"Shackelford, Bowen, McKinley & Norton, LLP",86
,
Shaffer Lombardo Shurin,13
"Shaheen & Gordon, PA",54
"Shambaugh Kast Beck & Williams, LLP",10
"Shamberg, Johnson & Bergman",Not Available
"Shamberg, Johnson & Bergman Chartered",9
,
Shamoun & Norman LLP,15
"Shands, Elbert, Gianoulakis & Gilijum, LLP",10
"Shane & Shane, P.A.",Not Available
Shankman Leone,10
Shapiro Arato LLP,13
,
Shapiro Blasi Wasserman & Hermann PA,20
Shapiro Croland Reiser Apfel & Di Iorio LLP,12
"Shapiro, Galvin, Shapiro & Moran",Not Available
Shapiro Haber & Urmy LLP,6
"Shapiro, Shapiro and Shapiro Co., L.P.A.",Not Available
,
"Shapiro Sher Guinot & Sandler, P.A.",20
"Shapiro Zwanetz & Associates, P.A.",Not Available
Shapiro Zwanetz & Lake,Not Available
Sharpe & Wise PLLC,Not Available
Sharp Law LLP,11
,
Shartsis Friese LLP,72
Shatz Schwartz & Fentin PC,14
Shaub Ahmuty Citrin & Spratt LLP,54
"Shaub, Ahmuty, Citrin & Spratt LLP",Not Available
Shaw Bransford & Roth PC,6
,
Shaw Cowart LLP,Not Available
Shawe Rosenthal LLP,18
Shaw Perelson May & Lambert LLP,12
Shea Law PLLC,15
Shearman & Sterling LLP,312
,
Shebby Hirashima LLP,Not Available
"Shebell & Shebell, LLC",9
Sheehan Phinney Bass & Green,70
Sheehey Furlong & Behm PC,22
"Sheehy Lovelace & Mayfield, PC",12
,
Sheehy Ware Pappas & Grubbs PC,55
Sheeley LLP,28
"Sheffer Monhollen & Tackett, PLLC",Not Available
Shegerian & Associates,38
Shellist Lazarz Slobin LLP,Not Available
,
Shelton McKean,13
ShemanoLaw,Not Available
Shendell & Pollock PL,11
Shepherd Prewett PLLC,Not Available
Sheppard Law Firm,Not Available
,
"Sheppard, Mullin, Richter & Hampton LLP","1,027"
Sher Edling LLP,22
"Sher Garner Cahill Richter Klein & Hilbert, LLC",42
Sheridan Ross P.C.,44
Sherin and Lodgen LLP,46
,
Sherman Atlas Sylvester & Stamelman LLP,30
Sherman & Howard LLC,144
Sherman Silverstein Kohl Rose & Podolsky PA,21
Shernoff Bidart Echeverria LLP,9
"Sherrard, German & Kelly, P.C.",35
,
Sherrard Roe Voigt & Harbison PLC,44
Sher Tremonte LLP,33
Shields Legal Group,13
Shimanovsky & Moscardini LLP,19
Shindler Anderson Goplerud & Weese PC,17
,
Shipley Snell Montgomery LLP,11
Shipman & Goodwin LLP,141
"Shipman, Shaiken & Schwefel, LLC",Not Available
"Shook, Hardy & Bacon LLP",506
Shoreline A Law Corporation,12
,
"Shoreline, A Law Corporation",Not Available
"Shuffield, Lowman",51
"Shuker & Dorris, P.A.",Not Available
Shulman Bastian Friedman & Bui LLP,21
Shulman Rogers,105
,
Shumaker Loop and Kendrick LLP,277
Shumaker & Sieffert,39
Shumaker Williams PC,11
"Shuman Mccuskey & Slicer, PLLC",23
"Shumener, Odson & Oh LLP",Not Available
,
Shumway Van,12
"Shupe Ventura, PLLC",Not Available
Shute Mihaly & Weinberger LLP,46
"Shute, Mihaly & Weinberger LLP",Not Available
"Shuttleworth & Ingersoll, PC",59
,
Shuttleworth PLLC,12
Shutts & Bowen LLP,277
Siana Law,14
"Sibirsky Law Firm, P.A.",Not Available
Sichenzia Ross Ference Carmel LLP,60
,
Sico Hoelscher Harris LLP,10
Sideman & Bancroft LLP,34
Sidkoff Pincus & Green PC,7
Sidley Austin LLP,"1,614"
Sieben & Cotter PLLC,Not Available
,
Sieben Edmunds Miller PLLC,Not Available
"Siedow & Jackson, SC",Not Available
Siegel Brill PA,15
Siegel Moreno & Stettler PC,17
Siegfried Rivera,47
,
Silberman Law Firm PLLC,13
"Silberstein, Awad & Miklos, P.C.",16
"Silicon Legal Strategy, PC",27
Sills Cummis & Gross,139
Silvera Deary Ray PC,14
,
"Silver, Freedman, Taff & Tiernan, LLP",15
Silver Golub & Teitell LLP,23
Silverman Shin & Byrne,20
Silverman Thompson Slutkin White LLC,43
Simmons Hanly Conroy LLC,96
,
Simmons Jannace Deluca LLP,14
Simmons Olsen Law Firm,10
"Simmons Perrine Moyer Bergman, PC",59
Simmons Perrine Moyer Bergman PLC,Not Available
Simms Showers LLP,15
,
Simon Azar-Farr & Associates,Not Available
"Simon Greenstone Panatier Bartlett, PC",31
"Simon, Peragine, Smith & Redfearn, LLP",29
Simon PLC,17
Simon Reed & Salazar PA,22
,
Simons Hall Johnston PC,Not Available
"Simpson & Deardorff, SC",11
Simpson Logback Lynch Norris PA,9
Simpson Thacher & Bartlett LLP,"1,128"
Sims Lawrence & Broghammer,31
,
Sinars Slowikowski Tomaska,46
Sinas Dramis Law Firm,18
Sinclair Law LLC,Not Available
Singerman Mills Desberg & Kauntz Co LPA,18
"Sinnott, Puebla, Campagne & Curet APLC",12
,
Sioli Alexander Pino,28
Sive Paget & Riesel,31
Sjoberg & Tebelius PA,7
"Skadden, Arps, Slate, Meagher & Flom LLP and Affiliates","1,296"
SkarlatosZonarich,13
,
Skarzynski Marick & Black LLP,54
Skellenger Bender,15
Skelton Slusher Barnhill Watkins Wells PLLC,11
Skelton Taintor & Abbott,14
Skiermont Derby LLP,19
,
"Skikos, Crawford, Skikos & Joseph LLP",Not Available
Sklar Kirsh LLP,40
Sklar Williams PLLC,15
Skoloff & Wolfe PC,23
Skoubye Nielson & Johansen LLC,12
,
SKT Law,6
Slater & Matsil LLP,27
Slates Harwell LLP,9
Slaughter Reagan & Cole LLP,14
Slayden Grubert Beard LLP,14
,
"Slevin & Hart, PC",28
Sloan Eisenbarth Glassman McEntire & Jarboe LLC,17
Sloane & Walsh LLP,37
Sloan Sakai Yeung Wong,24
"Slovak Baron Empey Murphy & Pinkney, LLP",23
,
Slover & Loftus LLP,10
"Smakal Munn, P.C.",Not Available
Smart Schofield Shorter PC,12
"Smigel, Anderson & Sacks, LLP",13
"Smiley Wang-Ekvall, LLP",Not Available
,
Smith Alling PS,11
Smith Anderson Blount Dorsett Mitchell & Jernigan LLP,154
Smith Bigman Brock,15
Smith Blake Hill LLC,14
Smith Bovill PC,8
,
Smith Buss & Jacobs LLP,27
"Smith, Currie & Hancock",83
"Smith Debnam Narron Drake Saintsing & Myers, LLP",28
Smith & Downey PA,20
"Smith & Downey, P.A.",Not Available
,
Smith Duggan Cornell & Gollub LL,22
Smith & Fawer LLC,14
"Smith Freed & Eberhard, PC",36
Smith Gambrell & Russell LLP,319
Smith Gildea & Schmidt LLC,12
,
"Smith, Gildea & Schmidt, LLC",Not Available
Smith Gilliam Williams & Miles PA,10
"Smith Goodfriend, P.S.",Not Available
Smith & Hale LLC,Not Available
Smith Haughey Rice & Roegge,62
,
Smith Hulsey & Busey,34
Smith Jadin Johnson PLLC,23
"Smith, Katzenstein & Jenkins LLP",11
"Smith Knowles, PC",13
"Smith Law, PLLC",Not Available
,
Smith-LC,18
Smith Lewis LLP,11
Smith Mazure Director Wilkins Young & Yagerman PC,38
"Smith, Miner, O'Shea & Smith LLP",Not Available
Smith Parker Elliott PLLC,13
,
Smith Pauley LLP,27
Smith Porsborg Schweigert Armstrong Moldenhauer & Smith,10
Smith Robertson LLP,Not Available
Smith Robinson,18
"Smith, Sovik, Kendrick & Sugnet, P.C.",28
,
Smith Spires Peddy Hamilton & Coleman PC,17
"Smith Steiner Vanderpool, APC",Not Available
"Smith, Welch, Webb & White, LC",26
SMTD Law LLP,18
Sneed PLLC,Not Available
,
Sneed Vine & Perry PC,20
Snell & Wilmer LLP,485
Sniffen & Spellman,20
"Sniffen & Spellman, P.A.",Not Available
Snow Christensen & Martineau,43
,
Snow Jensen & Reese,14
Snow & Nichols LLC,Not Available
Snyder Kearney LLC,14
Soble Rowe Krichbaum LLP,Not Available
"Socheat Chea, P.C.",Not Available
,
Socius Law Group PLLC,10
"Sodoma Law, PC",29
Sodoro Law Group,18
"Sojourner Caughman & Thomas, LLC",Not Available
Sokol Larkin,Not Available
,
Sokoloff Stern LLP,17
Solomon Blum Heymann LLP,11
Solomon Dwiggins Freer & Steadman LTD,13
"Solomon Ward Seidenwurm & Smith, LLP",36
Somach Simmons & Dunn,23
,
"Sommers Schwartz, PC",38
Sommer Udall Law Firm,9
Songstad Randall Coffee & Humphrey LLP,12
Sonosky Chambers Sachse Endreson & Perry LLP,28
Sorling Northrup,21
,
Sorrels Ola,Not Available
"Sostrin & Dgebuadze, LLP",Not Available
Sotelo Immigration Law Group PLLC,Not Available
"SouthLaw, P.C.",22
Spain & Gillon LC,11
,
Spalding Nichols Lamp Langlois,15
"Spangenberg Shibley & Liber, LLP",11
"Sparks Willson, P.C.",15
"Spaulding McCullough & Tansil, LLP",16
"Spears Moore Rebman & Williams, PC",25
,
"Spears, Moore, Rebman & Williams, P.C.",Not Available
Spear Wilderman PC,13
"Spear Wilderman, P.C.",Not Available
Spector Gadon Rosen Vinci PC,30
Spector Roseman & Kodroff PC,10
,
Speed Seta Martin Trivett Stubley & Fickling LLC,24
"Speed, Seta, Martin, Trivett & Stubley, LLC",Not Available
"Spence Brierley, P.C.",Not Available
Spencer Fane,482
Spengler Nathanson P.L.L.,29
,
Sperling & Slater PC,41
"Spertus, Landes & Josephs, LLP",15
Spesia & Taylor,13
"Spicer Rudstrom, PLLC",29
Spiegel & McDiarmid,19
,
Spierer Woodward Corbalis & Goldberg,12
Spinelli Donald & Nott APC,8
Spiro Harrison & Nelson,21
Spitz The Employees Law Firm,24
Spivak Lipton LLP,13
,
Spotswood Sansom & Sansbury LLC,13
"Spotts Fain, PC",32
"Spragins Barnett & Cobb, PLC",12
Sprott Newsom Quattlebaum Messenger PC,11
"Sprouse, Shrader, Smith, PC",42
,
SpyratosDavis LLC,10
Squire Patton Boggs,598
SSDS Law,17
SSL Law Firm,32
Staas & Halsey,11
,
"Stafford Neal & Soule, S.C.",Not Available
Stafford Rosenbaum LLP,60
Stagg Wabnik Law Group,15
Stagnaro Saba & Patterson,23
Stahancyk Kent & Hook PC,16
,
"Stahancyk, Kent & Hook P.C.",Not Available
Staines Eppling & Kenney LLC,14
Stamm Law Firm,6
Stamos & Trucco LLP,10
Stander Reubens Thomas Kinsey,17
,
"Standley Law Group, LLP",9
Stange Law Firm PC,47
Stanley Esrey & Buckley LLP,13
"Stanley, Lande & Hunter",Not Available
Stanley Reuter Thornton & Alford LLC,12
,
Stanton Barton LLC,9
Stanton Law LLC,16
Stanton LLP,Not Available
"Starfield & Smith, P.C.",18
"Stark & Knoll Co., LPA",29
,
"Stark & Knoll Co., L.P.A.",Not Available
Stark Reagan,9
"Stark & Stark, P.C.",93
Starnes Davis Florie LLP,61
Starn O Toole Marcus & Fisher,25
,
Starr Associates LLP,15
Starr Butler Alexopoulos & Stoner PLLC,11
Starr Gern Davison & Rubin PC,20
State Law Firm,Not Available
Stavros Law P.C.,Not Available
,
St Denis & Davey PA,15
Stearns Weaver Miller Weissler Alhadeff & Sitterson PA,157
Stebelton Snider,10
Steidley & Neal PLLC,14
Steinberg Law Firm LLC,15
,
Stein Mitchell Beato & Missner LLP,22
Stein Ray LLP,15
"Stein Shostak Shostak Pollak & O Hara, LLP",8
Stein Sperling Bennett De Jong Driscoll PC,59
Stenger & Stenger PC,10
,
"Stephen C. Sawicki, P.A.",Not Available
"Stephenson, Acquisto & Colman",21
"Stephenson & Murphy, LLC",Not Available
"Steptoe & Johnson, PLLC",330
Steptoe LLP,397
,
Sterlington PLLC,60
"Sternberg/Forsythe, P.A.",Not Available
Sternberg Naccari & White LLC,17
Stern & Eisenberg,23
Sterne Kessler Goldstein Fox,160
,
"Sterne, Kessler, Goldstein & Fox P.L.L.C.",Not Available
Stern Lavinthal & Frankenberg LLC,6
Stern Tannenbaum & Bell LLP,8
"Steve LeBlanc, LLC",Not Available
"Stevens & Brand, LLP",29
,
Stevens Law Firm,10
Stevens & Lee,198
Stevenson & Bullock PLC,Not Available
Steven S Toeppich & Associates PLLC,42
Stewart Greenblatt Manning & Baez,11
,
Stewart Law Offices,Not Available
"Stewart Melvin & Frost, LLP",14
"Stewart Robbins Brown & Altazan, LLC",Not Available
Stewart Smith,16
Steyer Lowenthal Boodrookas Alvarez & Smith LLP,12
,
Stibbs & Co PC,17
Stichter Riedel Blain & Postler PA,13
Sticklen & Sticklen,Not Available
Stiles Ewing Powers PC,17
"Stillinger & Godinez, PLLC",Not Available
,
Stinnett Law Group PLLC,Not Available
Stinson LLP,446
Stites & Harbison PLLC,188
Stock & Leader,24
Stock Legal LLC,13
,
Stockton Barker & Mead LLP,11
Stockwell Harris Woolverton & Fox,35
"Stockwell, Sievert, Viccellio, Clements & Shaddock, LLP",24
Stoel Rives LLP,322
"Stokes Lawrence, P.S.",51
,
Stokes McMillan Antúnez Martinez-Lejarza P.A.,Not Available
Stokes Wagner ALC,17
Stok Kon & Braverman PA,15
Stoll Berne,15
"Stoll Keenon Ogden, PLLC",159
,
Stonecipher Law Firm,Not Available
Stone Crosby PC,14
Stone & Dean LLP,15
Stone Grzegorek & Gonzalez LLP,Not Available
Stone & Johnson Chartered,15
,
"Stone, Leyton & Gershman",11
Stoneman Chandler & Miller LLP,15
Stone Mattheis Xenopoulos & Brew PC,10
Stone Pigman Walther Wittmann LLC,58
Stone Pogrund & Korey LLC,12
,
St. Onge Steward Johnston & Reens LLC,8
Storino Ramello & Durkin,22
"Stotler Hayes Group, LLC",31
Stott Hollowell Windham & Stancil PLLC,9
Stovash Case Shay & Pearce PA,10
,
Stradley Ronon Stevens & Young LLP,210
Stradling Yocca Carlson & Rauth,105
Stranch Jennings & Garvey PLLC,21
Strang Law LLC,Not Available
Strassburger McKenna Gutnick & Gefsky,31
,
Strategic Legal Practices APC,17
Strauss Malk & Feder LLP,12
Strauss Massey Dinneen LLC,15
Strauss Troy Co LPA,48
"Straw-Boone Doheny Banks & Mudd, PLLC",Not Available
,
Stream Kim Hicks Wrage & Alfaro PC,10
Streck & Davis Law,Not Available
Strip Hoppers Leithart McGrath & Terlecky CO LPA,13
Stris & Maher LLP,17
Strobl PLLC,14
,
Strong & Hanni,75
Stroud Willink & Howard LC,13
Struck Love Bojanowski & Acedo PLC,16
Structure Law Group LLP,19
Stuart & Associates P.C.,Not Available
,
Stuart & Branigin LLP,26
"Stuart D. Kaplow, P.A.",Not Available
Stuart Kane LLP,12
Stuart Skok Law LLC,Not Available
Stubbeman McRae Sealy Laughlin & Browder Inc,11
,
"Stubbs Alderton & Markiles, LLP",44
"Stubbs & Schubart, P.C.",Not Available
Stueve Siegel Hanson LLP,29
Stump Law,Not Available
Sturgill Turner Barker,31
,
Stutman Law,30
Stutzman Bromberg Esserman & Plifka,27
Styskal Wiese & Melchione LLP,15
"Suárez Candler Law, PLLC",Not Available
"Suburban Law Group, LLC",Not Available
,
Sudekum Cassidy Shulruff CHTD,9
"Sugarman Law Firm, LLP",21
Sugarman Susskind Braswell & Herrera,Not Available
Sughrue Mion PLLC,59
Suisman Shapiro Attorneys at Law,22
,
Suiter Swantz IP,15
"Sullins Johnston Rohrback & Magers, PC",14
Sullivan & Cromwell LLP,675
Sullivan Legal Services,Not Available
"Sullivan Papain Block Mcgrath & Cannavo, PC",37
,
Sullivan Ward Patton Gleeson & Felty PC,25
Sullivan & Ward PC,10
Sullivan & Worcester,156
Sulloway & Hollis,23
Summers Compton Wells LLC,23
,
"Summers Law Office, PLLC",Not Available
Summers McDonnell Hudock Guthrie & Rauch PC,18
Summit Law Group PLLC,42
Sunstein LLP,27
Surovell Love Bajanowski & Acedo PLC,9
,
Susanin Widman & Brennan PC,8
Susman Godfrey L.L.P.,188
"Sussman Shank, LLP",35
"Sutin, Thayer & Browne",20
Sutter O Connell Attorneys,11
,
Sutton & Jacobs LLP,Not Available
Sutton Pakfar & Courtney LLP,13
Swanson Bernard LLC,24
Swanson Martin & Bell LLP,129
Swanson Sweet LLP,8
,
Swartz Campbell LLC,40
Swedelson Gottlieb,10
Sweeney Mason LLP,16
Sweeney Reich & Bolz LLP,13
Sweeney & Sheehan,24
,
"Sweeny, Wingate & Barrow, PA",16
Sweetbaum Miller,8
Sweet Stevens Katz & Williams LLP,24
Swift Currie McGhee & Hiers LLP,171
Swisher & Cohrt PLC,10
,
"Sylvester & Polednak, Ltd.",Not Available
"Syprett, Meshad, Resnick, Lieb",9
Szaferman Lakind Blumstein & Blader PC,34
Tabet DiVito & Rothstein LLC,24
"Tabner, Ryan and Keniry, LLP",7
,
Tachau Meek PLC,Not Available
"Tache, Bronis and Descalzo, P.A.",Not Available
Tadler Law LLP,Not Available
Tafapolsky and Smith LLP,Not Available
Tafapolsky & Smith LLP,18
,
Taft Stettinius & Hollister LLP,866
"Taggart Morton, LLC",13
Tanenbaum Keale LLP,19
Tane Waterman & Wurtzel PC,11
Tang & Maravelis PC,9
,
Tannenbaum Helpern Syracuse & Hirschtritt LLP,51
Tanoury Nauts McKinney & Dwaihy PLLC,26
TA PLLC,9
Tarasi & Tarasi,Not Available
Tarlow Breed Hart & Rodgers PC,23
,
"Tarolli, Sundheim, Covell & Tummino, L.L.P.",24
Tarter Krinsky & Drogin LLP,114
"Tasoff and Tasoff, PC",Not Available
Tate Bywater,13
Tatro Tekosky Sadwick LLP,Not Available
,
Taylor and Associates Law P.C.,Not Available
"Taylor Anderson, LLP",34
"Taylor, Bean & Hamer",Not Available
Taylor Day Grimm & Boyd,39
Taylor English Duma LLP,157
,
Taylor Feil Harper & Lumsden PC,8
Taylor Huguley Powers PLLC,Not Available
"Taylor Law Partners, LLP",12
"Taylor, Leong & Chee",Not Available
Taylor Olson Adkins Sralla Elam LLP,24
,
"Taylor, Pigue, Marchetti & Blair, PLLC",Not Available
"Taylor, Porter, Brooks & Phillips, LLP",76
Taylor Siemens Elliott Creedy & Lyle PC,11
Taylor Wellons Politz & Duhe APLC,58
Tayon Law P.A.,Not Available
,
Teague Campbell Dennis & Gorham LLP,32
Techlaw Ventures PLLC,9
Tein Malone,Not Available
Teitler & Teitler LLP,17
Telan Meltz Wallace & Eide PA,11
,
Telecommunications Law Professionals PLLC,Not Available
Temmerman Cilley & Kohlmann LLP,12
Tempus Fugit Law,7
Tenaglia & Hunt PA,13
Tensegrity Law Group,17
,
Tentindo Kendall Canniff & Keefe LLP,55
Teraoka & Partners LLP,10
Terrell Hogan,13
Terrell Marshall Daudt & Willie PLLC,13
Terris Pravlik & Millian LLP,10
,
Terry & deGraauw PC,Not Available
"Terry J. Coniglio, Inc.",Not Available
Testan Law,50
"Tetlow Christie, LLC",Not Available
"Thames Markey, P.A.",Not Available
,
Tharpe & Howell LLP,48
"Tharrington Smith, LLP",42
"The Aikin Family Law Group, P.A.",Not Available
The Alexander Firm,Not Available
The Alvarez Law Firm,Not Available
,
"The Anderson Law Firm, L.L.C",13
The Atwell Law Firm,Not Available
The Baldwin Law Firm LLC,Not Available
The Banks Law Firm PA,17
The Barthet Firm,12
,
The Bassett Firm,10
The Bellamy Law Firm,19
The Belles Group PC,15
The Beltran Firm,Not Available
The Bloom Firm,8
,
The Blum Firm PC,34
The Brame Law Firm PLLC,Not Available
"The Brooker Law Firm, P.A.",Not Available
The Burgess Law Group,Not Available
The Cavanagh Law Firm,38
,
"The Chartwell Law Offices, LLP",239
The Church Law Firm LLC,Not Available
"The Collins Law Firm, PC",9
"The Collins Law Firm, P.C.",Not Available
"The Costantino Law Firm, P.A.",Not Available
,
The Daschle Group,Not Available
"The Dombrowski Group, P.C.",Not Available
The Draskovich Law Group,Not Available
"The Durrant Law Firm, APC",Not Available
The Employment Law Group PC,16
,
The Ezer Law Group PLLC,Not Available
The Federal Practice Group,21
The Fitzgerald Law Firm,9
"The Flood Law Firm, LLC",23
The Fowler Law Firm PC,10
,
The Frederick Firm,Not Available
The Fuentes Firm PC,16
"The Galloway Law Group, LLC",Not Available
The Gertz Kelley Law Firm,Not Available
The Gitlin Law Firm P.C.,Not Available
,
The GLB Attorneys,Not Available
The Goldstein Environmental Law Firm,Not Available
The Gonzalez Law Group PLLC,14
"The Googasian Firm, P.C.",Not Available
The Grail Law Firm,Not Available
,
"The Graydon Group, L.L.C.",Not Available
The Grunsky Law Firm PC,8
The Haney Law Firm,Not Available
The Harper Law Firm PLLC,Not Available
"The Harris Law Firm, P.C.",35
,
"The Hawkins Firm, LLC",Not Available
The Health Law Partners PC,13
The Hirschel Group PC,12
The Hoffman Law Firm,Not Available
"The Hungerford Law Firm, LLP",Not Available
,
The Hustead Law Firm,9
Theisen & Brock LPA,12
"The Kalon Law Firm, LLC",Not Available
The Kim Law Firm,Not Available
The Klamann Law Firm,Not Available
,
The Kullman Firm,44
The Lanier Law Firm,49
The Law Firm of Rosalind Lichter,Not Available
The Law Firm of Sebring & Associates,Not Available
"The Law Firm Of Springer & Steinberg, PC",17
,
The Law Office of Adam Schorr,Not Available
The Law Office of Bill Williams,Not Available
"The Law Office of Brenda T. Coppede, P.A",Not Available
"The Law Office of Bryce A. Lenox, Esq. LLC",Not Available
The Law Office of David Steinfeld,Not Available
,
The Law Office of Elissa D. Hecker,Not Available
The Law Office of Gretchen E. Lipman,Not Available
"The Law Office of Gretchen E. Lipman, LLC",Not Available
The Law Office of James A. McCarty,Not Available
"The Law Office of James E. Swiger, PLLC",Not Available
,
"The Law Office of Jeffrey G. Pollitt, P.C.",Not Available
"The Law Office of John Ratnaswamy, LLC",Not Available
The Law Office of Lisa A Vance PC,7
The Law Office of Matthew L. Guadagno,Not Available
The Law Office of Nathan Waxman,Not Available
,
"The Law Office of Nicholas W. Yaeger , llc",Not Available
The Law Office of Patricia A. Nolan,Not Available
The Law Office Of Paul M. Sisco,Not Available
The ​​​​Law Office of Robert K. Richardson,Not Available
The Law Office of Ronald W. Frank,Not Available
,
"The Law Office of Russell S. Palmer, LLC",Not Available
"The Law Office of Steven M. Krause, P.A.",Not Available
"The Law Offices of Brenda L. Storey, P.C.",Not Available
"The Law Offices of Clayborne, Loos & Sabers LLP",Not Available
The Law Offices of Earl Carter & Associates,13
,
The Law Offices of Frank F. Daily PA,12
The Law Offices of Harry DeMell,Not Available
"The Law Offices of John Day, P.C.",Not Available
The Law Offices of John Giust,Not Available
"The Law Offices Of John W. Schmidtke Jr. Attorney At Law, A Law Corporation",Not Available
,
The Law Offices of Jonathan Merel PC,22
The Law Offices of Melissa A Day PLLC,11
"The Law Offices of Rafael M. Diaz, P.L.L.C.",Not Available
The Law Offices of Robert Nadalin,Not Available
"The Law Offices of Russell Gregory, P.C.",Not Available
,
The Law Offices of Slape & Howard,Not Available
The Law Offices of Stanley L. Friedman,Not Available
"The Law Offices of Thomas Eagle Weathers, P.C.",Not Available
The Law Offices of Tom Hall,Not Available
The Law Offices of T. Scott Leo P.C.,Not Available
,
"The Law Offices of Vladimir P. Devens, LLC",Not Available
"The Lea/Schultz Law Firm, P.C.",Not Available
The Limbaugh Firm,15
The LS Law Firm,Not Available
"The Lynch Law Group, LLC",23
,
The Lyon Firm P.A.,Not Available
The Marbury Law Group PLLC,21
The Masliah Firm,Not Available
The McClellan Law Firm,Not Available
The McIntosh Law Firm,13
,
The Middleberg Riddle Group,13
The Miles Firm LLC,Not Available
The Miller Law Firm PC,36
"The Mirman Law Firm, LLC",Not Available
The Moeller Firm LLC,Not Available
,
The Monson Law Firm LLC,19
The Morgan Law Group,Not Available
The Mortgage Law Firm,7
The Morton Law Firm PLLC,Not Available
The Mullen Firm PLLC,Not Available
,
The Nail Law Firm,Not Available
Theodora Oringher PC,43
The Pierson Law Firm,Not Available
"The Pinjuh Law Firm, LLC",Not Available
"The Rangel Law Firm, P.C.",Not Available
,
"The Regan Law Firm, L.L.C.",Not Available
"The Reid Firm, LLC",Not Available
The Rosen Law Firm PA,24
Therrel Baisden LLP,14
"The Sanderson Law Firm, PLLC",Not Available
,
"The Schechter Law Firm, P.C.",6
"The Seltzer Firm, PLLC",Not Available
"The Shulman Law Group, LLC",Not Available
The Siemon Law Firm,17
The Simon Law Firm PC,13
,
"The Singer Firm, P.A.",Not Available
The Sotos Law Firm PC,18
The Tarantino Law Firm LLP,11
The Ticktin Law Group PA,9
The Title Law Group PLLC,20
,
The Titus & Murphy Law Firm,Not Available
The Towne Law Firm PC,24
The Van Winkle Law Firm,Not Available
The Vernon Law Firm,9
The Wagner Law Group PC,43
,
The Weathington Firm Attorneys At Law,13
The Webb Law Firm,48
The Willis Law Group,32
The Wilson Law Group,16
"The Yerrid Law Firm, P.A.",Not Available
,
Thoits Law,18
Thomas Combs & Spann PLLC,20
"Thomas Combs & Spann, PLLC",Not Available
Thomas & Company LPA,6
Thomas Drohan Waxman Petigrow & Mayle LLP,13
,
"Thomas F. Martin, PLC",Not Available
Thomas Horstemeyer LLP,23
Thomas J Henry Injury,172
"Thomas & Libowitz, P.A.",15
Thomas & LoCicero,10
,
Thomas & LoCicero PL,Not Available
Thomas Mamer LLP,19
Thomas Quinn LLP,42
Thomas Thomas & Hafer LLP,94
"Thomeczek & Brink, LLC",Not Available
,
Thompson & Bowie LLP,13
Thompson Burton PLLC,42
Thompson Coburn LLP,437
"Thompson, Coe, Cousins & Irons, LLP",206
Thompson & Colegate LLP,15
,
Thompson Dunlap & Heydinger Ltd,12
"Thompson-Hall, P.A.",Not Available
Thompson Hine LLP,381
"Thompson & Horton, LLP",38
"Thompson & McMullan, PC",26
,
Thompson Miller PA,9
"Thompson Miller & Simpson, PC",16
"Thompson O Brien Kemp & Nasuti, P.C.",15
Thompson Welch Soroko & Gilbert LLP,18
"Thomson, Rhodes & Cowie, P.C.",6
,
Thorndal Armstrong Professional Corporation,16
"Thorne & Grodnik, LLP",9
Thorner Kennedy Gano & Murphy P.S.,Not Available
"Thorn Gershon Tymann and Bonanni, LLP",10
Thornton Biechlin Segrato Reynolds & Guerra LC,21
,
Thornton Law Firm LLP,18
"Thorpe North & Western, LLP",20
Thorpe Shwer,15
Thorp Purdy Jewett Urness & Wilkinson PC,11
Thorsnes Bartolotta Mcguire,8
,
"Thrasher, Dinsmore & Dolan",21
"Thrasher, Pelish & Heaney, Ltd.",Not Available
"Thrash & Thrash, PLLC",Not Available
Thrift McLemore,15
"Thrun Law Firm, PC",29
,
Thurmond Kirchner & Timbes Law Firm,13
Tiber Hudson LLC,22
"Tiffany & Bosco, P.A.",90
"Tilford Dobbins Alexander, PLLC",18
"Timberlake Smith Thomas & Moses, PC",12
,
"Timoney Knox, LLP",23
"Timothy P. McNulty, A Law Corporation",Not Available
Tin Fulton Walker & Owen,17
Tinnelly Law Group,15
Tinti & Navins PC,12
,
"Tisinger Vance, PC",16
Tittmann Weix LLP,16
TittmannWeix LLP,Not Available
Titus Brueckner Spitler & Shelts PLC,10
Titus Hillis Reynolds Love,12
,
Tiveron Law PLLC,23
Tjong & Hsia LLP,12
TNS Associates PC Sustainable Legal Solutions,18
Tobener Ravenscroft LLP,12
"Tobin, Carberry, O Malley, Riley & Selinger, P.C.",10
,
Tobin Lucks LLP,62
Tobin O’Connor Concino PC,13
Todd & Weld,51
Togut Segal & Segal LLP,20
Tollefson Bradley Mitchell & Melendi LLP,17
,
Tomasino Legal Group LLC,Not Available
"Tom Petrus & Miller, LLLC",8
Tompkins McGuire Wachenfeld & Barry,17
Tomtishen Feenstra PLLC,Not Available
Tonkon Torp,88
,
Tonnsen Bach,14
Tonnsen Bach Law Firm,Not Available
Torkildson Katz Moore Hetherington & Harris,16
"Torre, Lentz, Gamell, Gary & Rittmaster, LLP",13
TorresVictor,24
,
Torys LLP,53
"Toschi Collins Doyle & Houvener, APC",10
Tosdal Law Firm,Not Available
Touchstone Bernays Johnston Beall Smith & Stollenwerck LLP,23
Trapp & Geller,Not Available
,
"TraskBritt, PC",19
Traub Lieberman Straus & Shrewsberry LLP,90
Tredecim LLC,Not Available
Tredway Lumsdaine & Doyle LLP,18
Treece Alfrey Musat PC,14
,
Trenam Law,82
Tressler LLP,96
Trevett Cristo PC,23
Tribble Ross,26
Tribler Orpett & Meyer PC,17
,
"Triplett, Woolf & Garretson, LC",28
Tripp Scott,52
Trister Ross Schadler & Gold PLLC,16
Troubh Heisler LLC,9
Troutman Pepper Hamilton Sanders LLP,"1,078"
,
Trout Raley Montaño Freeman Sinor Thompson PC,8
"Trovillion, Inveiss & Demakis, APC",11
"Troy A. Lanier, P.C.",Not Available
TroyGould,34
"Trucker Huss, PC",27
,
"Truly, Smith & Latham, P.L.L.C.",Not Available
"Tucker Arensberg, P.C.",90
Tucker Ellis LLP,231
Tuesley Hall Konopa LLP,13
Tueth Keeney Cooper Mohan Jackstadt PC,26
,
Tuggle Duggins PA,38
"Tully Rinckey, PLLC",84
"Tune, Entrekin & White, PC",15
"Tunnell & Raysor, P.A.",10
"Turnbull, Holcomb & LeMoine, PC",Not Available
,
"Turnbull, Nicholson & Sanders, P.A.",Not Available
"Turner Boyd, LLP",13
"Turner Lumpkins & Blackwell, PLC",Not Available
"Turner Padget Graham & Laney, PA",59
Tutunjian & Bitetto PC,7
,
"Twomey, Latham, Shea, Kelley, Dubin & Quartararo, LLP",30
"Tybout Redfearn & Pell, PA",15
Tycko & Zavareei LLP,19
Tydings & Rosenberg LLP,34
"Tyson & Mendes, LLP",235
,
Tyz Law Group PC,Not Available
UB Greensfelder LLP,273
"Udall Law Firm, LLP",17
Udall Shumway PLC,25
Uhl Fitzsimons Jewett Burton Wolff & Rangel PLLC,19
,
Ullman Bursa Law,10
Umberg Zipser LLP,17
Underberg & Kessler LLP,25
"Underhill & Hodge, LLC",Not Available
"Underwood Law Firm, PC",45
,
"Underwood Perkins, PC",15
"Underwood & Roberts, PLLC",7
Unruh Turner Burke & Frees,23
Upchurch Watson White & Max,63
"Updike, Kelly & Spellacy, P.C.",56
,
"Upshaw, Williams, Biggers, Beckham, LLP",15
Upton & Hatfield LLP,18
Upton Mickits & Heymann LLP,12
Urban Thier & Federer PA,16
"US Immigration Law Group, LLP",Not Available
,
Vacovec Mayotte & Singer LLP,10
Vafiades Brountas & Kominsky LLP,9
Valdez & Treviño Attorneys at Law PC,15
Valdez Washington LLP,Not Available
"Valensi Rose, PLC",13
,
Valle Makoff LLP,19
Vandeberg Johnson & Gandara LLP,15
Vanden Bos & Chapman LLP,Not Available
Van De Poel Levy Arneal & Serot LLP,20
Vanderford & Ruiz LLP,15
,
Van Der Hout LLP,Not Available
Vanderpool Frostick & Nishanian PC,14
"Vandeveer Garzia, PC",45
Van Ness Feldman LLP,79
Van Osdol PC,6
,
"Van Pelt, Yi & James LLP",14
"Van Scoyoc Associates, Inc",11
"Vantage Law Group, PLLC",Not Available
Van Winkle Law Firm,34
"Varela, Lee, Metz & Guarino",24
,
Vargas Gonzalez Baldwin Delombard LLP,11
"Varner & Brandt, LLP",25
Varnum LLP,195
Vaslas Lepowsky & Hauss LLP,15
Vaughan Baio & Partners,44
,
"Veatch Carlson, LLP",10
Vecchio Carrier Feldman & Johannessen PA,11
Vecchione Vecchione Connors & Cano,25
Vedder Price,293
Vedder Price P.C.,Not Available
,
Vela Wood,31
Venable LLP,795
Veneruso Curto Schwartz & Curto LLP,11
Venn Law Group,9
Ventura Miesowitz Keough PC,8
,
Veris Law Group PLLC,7
Verner Brumley Mueller Parker PC,14
Vernis & Bowling,121
Ver Ploeg & Marino PA,14
Verrill Dana LLP,163
,
Vezina Lawrence & Piscitelli,14
Viada & Strayer,Not Available
VIAL Fotheringham,30
Vicente Sederberg LLC,31
"Vickers Plass, LLC",Not Available
,
"Vierra Magen Marcus, LLP",8
Viloria Oliphant Oster & Aman LLP,9
Vinson & Elkins LLP,684
Virginia & Ambinder LLP,14
Virginia Estate & Trust Law PLC,14
,
Virtus Law,12
"Vishnick McGovern Milizio, LLP",20
Vivacqua Law,9
Vladeck Raskin & Clark PC,9
"Vladeck, Raskin & Clark, P.C.",Not Available
,
VLP Law Group LLP,54
VM Diaz & Partners LLC,Not Available
Vogel Law Firm,45
Vogl Meredith Burke LLP,14
Volpe and Koenig PC,33
,
von Briesen & Roper SC,159
Voorhies & Labbe,8
"Vorys, Sater, Seymour and Pease, LLP",353
Voute Lohrfink McAndrew Meisner & Roberts LLP,34
"Vranesh and Raisch, LLP",Not Available
,
Vulin Wilkinson LLC,Not Available
Waas Campbell Rivera Johnson & Velasquez LLP,Not Available
Wachler & Associates,8
"Wachtell, Lipton, Rosen & Katz",272
Wachtel Missry LLP,28
,
Waddell Anderman Law Firm,Not Available
Waddell Serafino Geary Rechner Jenevein PC,36
Wade Ash LLC,11
Wade Clark Mulcahy,44
Wadleigh Starr & Peters PLLC,30
,
"Wagar Hickman, LLP",Not Available
Wagner Doman Leto & Di Leo PC,13
"Wagner, Falconer & Judd, Ltd.",23
Wagner Kirkman Blaine Klomparens & Youmans LLP,14
"Wagoner Law Firm, P.A.",Not Available
,
"Wagstaff & Cartmell, LLP",33
Wagstaff LLP,14
Walden Macht & Haran LLP,42
Waldon Adelman Castilla Heistand & Prout,53
Waldrep Wall Babcock & Bailey PLLC,16
,
Walentine O Toole LLP,14
Walker Allen Law,17
"Walker Gressette & Linton, LLC",Not Available
Walker Jones PC,10
Walker Lambe PLLC,11
,
"Walker, Murphy & Nelson, LLP",Not Available
"Walker & Patterson, PC",Not Available
Walker Revels Greninger PLLC,16
Walker Wilcox Matousek LLP,46
"Wallace Jordan Ratliff & Brandt, LC",43
,
"Wallace, Kolich & Slocum LLC",Not Available
Wallace Saunders,49
"Wallack Somers & Haas, P.C.",Not Available
Wallen Kelley,14
"Waller, Smith & Palmer",12
,
Wallingford Law,Not Available
Wallin & Klarich,9
Walls Landry Baker & Oliver PLLC,11
Wall Templeton & Haldrup PA,11
Walsh Barnes & Zumpella PC,9
,
Walsh Colucci Lubeley & Walsh PC,41
Walsh Gallegos Trevino Russo & Kyle PC,66
Walsh Pizzi Oreilly Falanga LLP,30
Walsh Roberts & Grace,Not Available
Walter & Haverfield LLP,55
,
Walters Balido & Crain,59
Walters Levine & DeGrave,9
Walters Renwick Richards Skeens & Vaughan PC,9
Walters Richardson PLLC,20
Walton Lantaff Schroeder & Carson LLP,34
,
Wanek Kirsch Davies LLC,16
Wanger Jones Helsley PC,28
Waranch & Brown LLC,16
"Waranch & Brown, LLC",Not Available
Ward and Smith PA,103
,
Ward Damon PL,14
"Warden Grier, LLP",Not Available
"Ward Hocker & Thornton, PLLC",35
Ward Murray Pace & Johnson PC,13
Ware | Immigration,Not Available
,
Ware Jackson Lee O Neill Smith Barrow LLP,12
Wargo French,19
Warner Angle Hallam Jackson & Formanek PLC,23
Warner Norcross & Judd LLP,226
Warshaw Burstein LLP,52
,
"Washienko Law Group, LLC",Not Available
Wasker Dorr Wimmer & Marcouiller PC,15
"Wasser Cooperman & Carter, PC",16
"Watanabe Ing, LLP",22
"Waterfall, Economidis, Caldwell, Hanshaw & Villamana, P.C.",7
,
Waters Kraus & Paul LLP,29
Waters McPherson McNeill PC,25
Wathen Leid Hall Rider PC,13
"Watkins Calcara, Chtd.",Not Available
"Watkins & Eager, PLLC",69
,
Watkinson Miller PLLC,11
Watson Blanche Wilson & Posner LLP,11
Watson Caraway Midkiff & Luningham LLP,16
Watson Spence LLP,17
Watton Law Group,Not Available
,
"Watts Guerra, LLP",43
Watt Tieder Hoffar & Fitzgerald LLP,58
Waymaker,15
Weaver Austin Villeneuve & Sampson LLP,27
Weaver Johnston & Nelson PLLC,11
,
Webb Soypher McGrath,Not Available
Weber Gallagher Simpson Stapleton Fires & Newby LLP,116
Webster Book LLP,Not Available
Webster Chamberlain & Bean LLP,14
Webster Henry Bradwell Cohan Speagle & DeShazo PC,23
,
Webster Szanyi LLP,22
Weekley Schulte Valdes Murman Tonelli,13
Weeks & Irvine LLC,21
Wegman Hessler,21
"Weil & Drage, PC",22
,
Weil Gotshal & Manges LLP,807
Weinberger Divorce & Family Law Group,23
Weinberg Gonser Frost LLP,16
"Weinberg Roger & Rosenfeld, PC",48
"Weinberg, Wheeler, Hudgins, Gunn & Dial, LLC",98
,
Weiner Brodsky Kider PC,22
Weiner Law Group LLP,55
Weiner Shearouse Weitz Greenberg & Shawe LLP,18
Weinstein Tippetts & Little LLP,11
Weinstock Immigration Lawyers,Not Available
,
Weinstock Manion,21
Weintraub Tobin Chediak Coleman Grodin Law Corporation,82
Weir Greenblatt Pierce LLP,38
Weisbrod Matteis & Copley PLLC,14
Weis Law Group LLC,Not Available
,
Weiss Brown PLLC,23
Weiss Burkardt Kramer LLC,13
"Weiss & Kahn, P.A.",Not Available
Weissman & Mintz LLC,13
Weissman PC,48
,
"Weiss & Moy, P.C.",6
Weiss & Paarz,7
Weiss Serota Helfman Cole & Bierman PL,90
Weiss Zarett Brofman Sonnenklar & Levy PC,21
Weisz & Santagata LLP,Not Available
,
Weitzen Phillips Samuth & Sinex LLP,Not Available
"Weitz & Luxenberg, PC",101
"Welborn Sullivan Meck & Tooley, P.C.",34
"Welby Brady & Greenblatt, LLP",17
"Welder Leshin Lorenz McNiff Buchanan Hawn, LLP",11
,
"Weld Riley, S.C.",23
Weller Partners LLP,Not Available
"Wells, Anderson & Race, LLC",15
Wells Jaworski & Liebman LLP,12
"Wells Law, PLLC",Not Available
,
Wells Marble & Hurst PLLC,26
"Weltman, Weinberg & Reis Co., L.P.A.",56
Welts White & Fontaine PC,9
"Wenderoth Lind & Ponack, LLP",19
Werbner Law,Not Available
,
Werksman Jackson & Quinn LLP,8
Werner Ahari Mangel LLP,24
"Wesierski & Zurek, LLP",33
"Westall, Gray & Connolly, P.A.",Not Available
Westerman Ball Ederer Miller Zucker & Sharfstein LLP,38
,
Westerman Hattori Daniels & Adrian LLP,14
"Westermann Sheehy Keenan Samaan & Aydelott, LLP",15
Westervelt Johnson Nicoll & Keller LLC,10
West Group Law PLLC,14
"Westman, Champlin & Koehler",17
,
"West Mermis, PLLC",Not Available
Weston Hurd LLP,67
Weston Patrick PA,7
West Webb Allbritton & Gentry,25
Wexler Boley & Elgersma LLP,10
,
Weycer Kaplan Pulaski & Zuber PC,23
WFBM LLP,68
"Wharton Aldhizer & Weaver, PC",20
Wharton Levin Ehrmantraut & Klein PA,18
"WhatleyKallas, LLP",12
,
Wheeler Trigg O'Donnell LLP,114
Wheeler Upham PC,10
Whelan Corrente & Flanders LLP,13
Whitaker Chalk Swindle & Schwartz PLLC,35
Whitcomb Selinsky PC,13
,
"White & Allen, PA",21
"White and Bright, LLP",7
"White and Steele, P.C.",24
White and Williams LLP,197
"White Arnold & Dowd, PC",13
,
WhiteBird PLLC,15
White Brenner LLP,13
White & Case LLP,888
"Whiteford, Taylor & Preston LLP",210
"Whitehill Law Offices, P.C.",Not Available
,
Whiteman Osterman & Hanna LLP,102
White Peterson Gigray & Nichols PA,12
White Schneider PC,Not Available
White Scott & White,Not Available
White Summers Caffee & James LLP,14
,
"Whitfield & Eddy, PC",43
Whitley Law Firm,7
Whitlow Roberts Houston & Straub PLLC,11
"Whitlow, Roberts, Houston & Straub, PLLC",Not Available
Whitman Breed Abbott & Morgan LLC,25
,
Whitney Thompson & Jeffcoach LLP,19
Whitt Del Bueno Clark,Not Available
Whitten Burrage,14
Whitten Law Office LLC,12
Whitt Sturtevant LLP,14
,
Wickens Herzer Panza,27
Wicker Smith,264
Wick Phillips,88
Widerman Malek PL,29
Wiedner & McAuliffe Ltd,61
,
"Wielechowski & Fuller, PC",Not Available
"Wiener, Weiss & Madison",20
Wigdor LLP,14
Wiggin & Dana,159
Wiggins Childs Pantazis Fisher & Goldfarb,30
,
Wiggins Sewell & Ogletree,14
Wilchins Cosentino & Novins LLP,21
"Wilcox, Myers, & Jones P.C.",Not Available
Wild Carter & Tipton Law Firm,8
Wilder Pantazis Law Group,Not Available
,
"Wildes & Weinberg, P.C.",Not Available
"Wilenchik & Bartness, PC",12
"Wilentz, Goldman & Spitzer, P.A.",102
Wiley Rein LLP,225
Wilftek LLC,Not Available
,
Wilk Auslander LLP,36
Wilke Fleury,22
"Wilkes Artis, Chartered",15
Wilkes & Associates,9
"Wilkinson Barker Knauer, LLP",73
,
Wilkinson & Finkbeiner LLP,11
Wilkinson Goeller Modesitt Wilkinson & Drummy LLP,10
Wilkinson Law Firm,Not Available
Wilkinson Stekloff,41
Willcox Buyck & Williams PA,9
,
"Willcox & Savage, PC",61
Willenken LLP,13
William A. Herreras,Not Available
"William K Mattar, PC",25
"William M. Gustavson, Esq.",Not Available
,
Williams Barber & Morel,Not Available
Williams Barber & Morel LTD,12
Williams Barber & Morel LTD.,Not Available
Williams Bax & Saltzman PC,12
"Williams, Box, Forshee & Bullard, P.C.",Not Available
,
Williams & Connolly LLP,377
"Williams, Coulson, Johnson, Lloyd, Parker & Tedesco, L.L.C.",15
"Williams, Gautier, Gwynn, DeLoach & Kiker, P.A.",Not Available
Williams Graffeo & Stern LLC,20
Williams & Jensen PLLC,13
,
"Williams & Kamb, LLC",Not Available
Williams Kastner,56
Williams Law Firm LLC,Not Available
Williams Leininger & Cosby PA,16
"WilliamsMcCarthy, LLP",14
,
Williams McDaniel,Not Available
"Williams, Mullen",250
Williamson Friedberg & Jones LLC,12
Williams Parker Attorneys at Law,46
"Williams Porter Day & Neville, PC",21
,
Williams Parker Attorneys at Law,44
"Williams Porter Day & Neville, PC",21
Williams Simons & Landis,8
Williams Weese Pepple & Ferguson,24
Williams & Williams,Not Available
,
Williams Williams Rattner & Plunkett PC,25
Willig Williams & Davidson,40
Willinger Willinger & Bucci PC,14
"Willingham & Cote, PC",15
Willis Law,17
,
Willkie Farr & Gallagher LLP,923
Willman & Silvaggio LLP,15
Willoughby & Hoefer,9
"Wills Law Firm, P.C.",Not Available
Willson Jones Carter & Baxley PA,84
,
"Willson Jones Carter & Baxley, P.A.",Not Available
Wilmer Cutler Pickering Hale and Dorr LLP,894
"Wilmer & Lee, PA",19
"Wilner & OReilly, APLC",22
"Wilson, Brock and Irby, LLC",Not Available
,
Wilson Elser,"1,152"
"Wilson & Getty, LLP",20
Wilson Law Group,15
"Wilson & Ratledge, PLLC",10
Wilson Robertson & VanDeventer PC,6
,
Wilson Smith Cochran & Dickerson,15
Wilson Sonsini Goodrich & Rosati,"1,029"
Wilson Turner Kosmo LLP,55
Wilson Worley PC,9
"Wimberly Lawson Wright Daves & Jones, PLLC",15
,
Wimbish Gentile McCray & Roeber PLLC,Not Available
Windels Marx Lane & Mittendorf LLP,168
Winderweedle Haines Ward & Woodman PA,28
"Windle Hood Norton Brittain & Jay, LLP",Not Available
Winet Patrick Gayer Creighton & Hanes,13
,
"Wingate, Russotti, Shapiro & Halperin, LLP",38
Wingert Grebing Brubaker & Juskie LLP,18
"Winget, Spadafora & Schwartzberg, LLP",47
Winne Banta Basralian & Kahn PC,35
Winner & Booze,14
,
Winstead PC,303
"Winston & Cashatt, Lawyers P.S.",23
Winston & Strawn LLP,877
"Winthrop & Weinstine, P. A.",172
Wire Gill LLP,Not Available
,
"Wise Carter Child & Caraway, PA",36
Wiseman Ashworth Trauger,10
"Wisler Pearlstine, LLP",52
Witham Mahoney & Abbott LLP,15
"Witham Mahoney & Abbott, LLP",Not Available
,
"Withers Brant Igoe & Mullennix, PC",14
Witherspoon Brajcich McPhee PLLC,23
Withers Worldwide,174
Withrow & Terranova PLLC,12
Witman Stadtmauer PA,8
,
"Witmer, Karp, Warner & Ryan LLP",Not Available
Wittliff Cutter PLLC,8
"Wofsey, Rosen, Kweskin & Kuriansky, LLP",21
Wolcott Rivers Gates,31
"Wolfe & Wyman, LLP",44
,
"Wolf, Greenfield & Sacks, P.C.",125
Wolf Haldenstein Adler Freeman & Herz LLP,20
Wolford Law Firm,Not Available
"Wolf Popper, LLP",23
"Wolf, Rifkin, Shapiro & Schulman & Rabkin, LLP",40
,
Wolfsdorf Rosenthal LLP,40
Wollmuth Maher & Deutsch LLP,44
Wolter VanDyke Davis,15
Womble Bond Dickinson (US) LLP,577
Wong Fleming PC,32
,
Woodard Emhardt Henry Reeves & Wagner LLP,24
Wood Boykin & Wolter PC,10
Woodburn & Wedge,16
"Wood Herron & Evans, LLP",30
"Wood & Lamping, L.L.P.",41
,
Wood Phillips,14
Woodruff & Smart,37
Woods & Aitken LLP,34
"Woods Fuller Shultz & Smith, PC",46
"Wood, Smith, Henning & Berman LLP",445
,
Woods Oviatt Gilman LLP,102
Woods Rogers Vandeventer Black PLC,134
Woods Weidenmiller Michetti & Rudnick LLP,13
"Woods, Weidenmiller, Michetti, & Rudnick PLLC",Not Available
Woodward Pires & Lombardo PA,11
,
"Woolf McClane Bright Allen & Carpenter, PLLC",30
Woolls Peer Dollinger & Scher,15
Worden Thane PC,16
Workman Nydegger,50
Wright Close & Barger LLP,37
,
"Wright Close & Barger, LLP",Not Available
Wright Connatser PLLC,10
"Wright, Constable & Skeen, LLP",25
Wright Finlay & Zak LLP,39
Wright Firm LLP,6
,
Wright Fulfold Moorhead & Brown PA,17
"Wright & Greenhill, P.C.",19
"Wright Lindsey & Jennings, LLP",73
Wright Marsh & Levy,Not Available
Wright & Talisman PC,14
,
"Wright & Talisman, P.C.",Not Available
Wright Welker & Pauole PLC,10
Wrobel Markham LLP,9
Wuersch & Gering LLP,32
Wyatt Early Harris Wheeler LLP,14
,
"Wyatt Tarrant & Combs, LLP",114
Wyche PA,38
"Wyche, P.A.",Not Available
"Wynn & Wynn, PC",7
Wyrick Robbins Yates & Ponton LLP,107
,
Wyse & Kadish LLP,12
WZW Family Law LLC,Not Available
Yanick Law & Dispute Resolution PLLC,Not Available
Yankwitt LLP,15
"Yanowitz Law Firm, PLLC",Not Available
,
Yee & Associates PC,13
Yen Pilch Robaina & Kresin PLC,Not Available
YetterColeman LLP,50
YK Law LLP,38
YLAW PC,14
,
"Yoder, Ainlay, Ulmer & Buckingham, LLP",17
"Yoka & Smith, LLP",31
York Howell and Guymon,19
Yosha Cook & Tisch Personal Injury Lawyers,6
Yost & Baill LLP,16
,
Youman & Caputo LLC,8
Young Basile Hanlon & MacFarlane PC,47
"Young, Berman, Karpf & Karpf, P.A.",Not Available
Young Bill Roumbos & Boles PA,21
Young Conaway Stargatt & Taylor,123
,
Young Minney & Corr LLP,38
"Young Moore and Henderson, P.A.",41
Young Morphis Bach & Taylor LLP,9
"Young Sommer , LLC",24
Young Wells Williams PA,12
,
"Young Wooldridge, LLP",9
"Younossi Law, PC",Not Available
Yrulegui & Roberts,16
Ytterberg Deery Knull LLP,29
Yukevich Cavanaugh,29
,
Yu Mohandesi LLP,6
YVS Law,9
Zacks Freedman & Patterson PC,9
Zaino Hall & Farrin LLC,9
"Zanck Coen Wright & Saladin, PC",10
,
Zangari Cohn Cuthbertson Duhl & Grello PC,18
Zarco Einhorn Salkowski PA,11
Zarin & Steinmetz LLP,14
Zarwin Baum DeVito Kaplan Schaer Toddy PC,67
Zashin & Rich,Not Available
,
"Zashin & Rich Co., LPA",22
Zausmer PC,85
Zazzali Fagella Nowak Kleinbaum & Friedman,16
"Zazzali, Fagella, Nowak, Kleinbaum & Friedman",Not Available
Zeichner Ellman & Krause LLP,42
,
Zeiger Tigges & Little LLP,11
"Zeiger, Tigges & Little LLP",Not Available
Zeisler & Zeisler PC,9
Zeldes Needle & Cooper PC,19
Zelenitz Shapiro & D Agostino PC,11
,
Zeldes Needle & Cooper PC,19
Zelenitz Shapiro & D Agostino PC,12
Zelle LLP,87
Zerbe Miller Fingeret Frank Jadav And Hunziker LLP,20
Zetlin & De Chiara LLP,27
,
Ziegler & Schneider PSC,17
"Ziemer Stayman Weitzel & Shoulders, LLP",23
"Zieve, Brodnax & Steele , LLP",16
Ziffren Brittenham LLP,23
"Zimmer Kunz, PLLC",31
,
Zimmerman Booher,9
Zimmerman Kiser Sutcliffe PA,38
"Zimmermann Law Offices, S.C.",Not Available
Zimmerman Reed LLP,25
Zinober Diana & Monteverde P.A.,40
,
"Zipperer Lorberbaum, Beauvais & Gotwalt, PC",Not Available
Zuber Lawler,37
"Zuckerman, Spaeder LLP",66
"Zukerman Gore Brandeis & Crossman, LLP",29
Zukor and Nelson A Professional Corporation,Not Available
,
